"feature_1","feature_2","feature_3","feature_4","feature_5","feature_6","feature_7","feature_8","feature_9","id","target"
"79.51781239530804","100.85047414633493","44.49231547271897","62.62678231901665","72.49675052539311","78.55691901352161","74.09865085867695","81.92674072963425","68.31010190838525","0","0"
"86.01546863416694","96.27881439236793","88.64496477454334","78.57419822201828","73.32101179012521","62.35337426484088","54.29590030418551","45.23511637773082","83.57358086292575","1","0"
"69.82118946652979","67.89475594198984","42.52544930375922","91.42332808977878","93.50037083509804","85.90559364161686","67.83031944659665","82.93513985197104","63.869865244335","2","0"
"60.051067152153024","85.804508643423","49.028651484583946","89.48736751531848","83.52487656213563","46.17255534513513","64.07860228361119","87.05616368672626","81.93142290380631","3","1"
"84.18476080209194","54.71075490384352","67.39400846997243","56.59072917155084","68.67247470277725","81.21237304777725","66.05537109454401","63.94107979077379","88.74053807884114","4","0"
"62.24794597407123","66.40016199567508","63.259035861491654","57.31104966766278","66.2109015374312","65.98951099441673","76.00086725818326","72.86539819252029","74.94289651835273","5","0"
"67.53425395129793","86.9492732688269","46.650982150190444","67.38983638900042","101.07982150901488","49.99682004768897","88.09228296523388","56.449453011449066","58.524237721283015","6","0"
"87.67131621069318","57.79501193439404","71.57847256116719","88.93027443292463","66.74230328025904","62.601477886583595","49.47344378845542","69.37512029159548","94.00591170467335","7","1"
"93.23118477433046","97.52129888165084","84.40318661747591","62.84748376822328","93.17022577822256","69.57779561485148","96.42637272400783","67.52512163765986","88.1519735317287","8","1"
"90.62123746365593","91.92308120640634","56.567877418322354","66.46272821380757","82.54528649877679","59.346684453557046","62.12752723467297","76.08598286689497","59.55510381044086","9","1"
"100.98838343405053","60.430956585528364","69.70220241222255","64.11267517226827","86.85895404418895","67.56837053291694","79.38721266285346","70.64156856631128","80.29584528795189","10","1"
"65.9526890211903","91.01336096383591","78.58933444807205","72.56422434015924","83.38595836043605","54.82626280216127","82.93338588217999","78.81490874378633","91.85818896242577","11","1"
"70.29578212319656","61.17879417883907","75.02739825449801","58.22612421490386","73.23955856842889","74.72943834171166","96.23203831483873","65.13982206301252","95.0390433707688","12","0"
"81.01343105723733","98.34146247606544","78.17191952370035","69.90313104492924","69.242437624661","80.5443231782166","86.07240774281414","88.23881097906903","53.7029559378916","13","1"
"78.19558719646159","99.90101644569975","67.72575839146025","76.73655778005039","97.39184178917424","69.14924847291051","78.82381337874277","69.48335776107311","50.02610291791849","14","0"
"89.7518767013813","82.74880053644037","83.02302888088455","78.94935773267714","94.42364596043772","45.94234004681624","80.41186651071469","71.55020254535991","83.62323907815595","15","1"
"73.09343147421767","89.87918045199594","64.02342267576503","69.64611627467598","91.45398780235706","51.31556958588082","93.22728662577613","91.41745554097957","88.72987460555119","16","0"
"73.86322378950645","81.6988330922515","48.15663880628442","85.14112276425331","78.84497359861392","73.9288451026194","81.03469305926514","51.27089212433942","65.8430317642516","17","0"
"72.50106450484795","59.01277839903171","59.56709268208881","58.038702661828026","81.97993715183337","73.94982588472645","79.73005013539989","47.1023473015593","75.72581100334692","18","0"
"79.27177424625353","71.02586397294287","72.75099716300052","67.08253541397887","72.80287743538626","67.25763709107163","71.06232485359921","63.81700271552673","72.76880449252465","19","0"
"68.4896796433074","76.64294319428757","89.16584102429347","80.48127204071237","91.7464649210227","57.3705745190932","54.22442927056129","58.986323898495435","77.8681086014621","20","1"
"75.32385002433608","84.10345574686437","69.7318902164425","98.75945068393125","89.26681319713907","84.3048441662273","61.03314728374909","74.07759849507745","85.70809432603626","21","0"
"95.92329429378027","76.91778454400487","61.12682321716481","63.769211011879506","68.22324898110806","58.21404775150583","71.84466594677117","49.39361284650729","92.56046909580073","22","0"
"84.79743149025143","86.2310198430694","55.00776900938094","71.36009249363704","68.03261337494834","56.42595238067823","49.92534301312287","50.79653056746396","82.9052840114166","23","1"
"55.89180489537941","62.87802741830941","62.569163789625804","80.47135264505413","68.92719423586061","47.0214293618965","82.34364204333123","58.00359207504571","91.09780660464781","24","0"
"94.54145149764597","79.16666000622426","78.32382056972496","97.41589730835332","80.59873021144648","90.92864949022177","65.59323266347052","91.42508214555285","78.5795382095534","25","0"
"66.71890290418423","94.05824027594997","78.92260362553768","72.79870669488898","86.79022854987392","62.51346926238669","73.65782360496506","63.76193089182748","70.92209549065494","26","0"
"69.77093152416143","96.83223779396624","71.30378485200065","60.823755201656375","85.08983565710314","72.5311816071637","96.0637514090432","62.06867063854238","92.02857737747621","27","1"
"90.37705469961894","63.3447294060385","74.30270206832218","88.79941717413413","84.62878962942304","86.36333471225107","92.71604147871312","77.02314654339905","80.40738645494922","28","1"
"83.87049905707882","65.44312257707962","72.35865910461877","61.99940211530835","74.40415251598648","91.67561733754286","79.02394111798644","54.277308597794814","83.14476823038868","29","1"
"71.08667354251361","92.79388874096989","69.55443863591732","75.53472755453103","82.18588974230295","49.02833934169774","74.83538774218965","86.43922338377682","51.20970078621801","30","1"
"88.01966119133199","56.589954714777136","84.85861009488077","62.535132325372494","67.94299156936802","69.06212580711312","72.15948922341919","91.79487213429307","70.0003427621764","31","0"
"76.50630293791757","69.58908706230027","78.90939094172333","93.02068061512199","77.31474260449735","63.814806623931545","60.25865850744599","90.62480541616455","77.81020590477807","32","1"
"65.12916961353758","87.78173143579008","79.93058477300713","86.55181105479991","79.86052942543334","77.79142285780601","91.837693585968","52.31068302888315","75.54542776532192","33","0"
"94.77652943092542","96.95169489461932","69.16886558864537","85.9286655243173","63.551554580051196","80.92661132569766","73.15780192867102","51.753022157301565","84.49993857554433","34","1"
"70.77692160461969","62.25088533426981","62.1759077809358","78.25536058903974","57.8702958566992","53.926719888556455","85.89376034228265","59.270985074422576","94.35938646142567","35","1"
"92.60421966684355","80.93657200174101","54.274835348756284","70.64526632905924","79.92414244227078","51.93339618620411","88.42200842417948","46.96311156126599","50.0533313576931","36","1"
"58.42341313093959","61.35576225477387","44.133564261957616","87.51802947392704","93.04559471887032","51.38564583917728","82.88368953190168","82.15963494329633","75.98271444491976","37","1"
"90.42621862453743","81.40276380989553","55.246318259381326","67.1025068543671","70.04507291471654","90.72541643923854","89.68288073440901","64.49156816040717","79.28312712449826","38","0"
"63.06198022872064","82.47952060063588","83.59901265781163","78.74580387813057","54.323907316744716","54.7006853270652","61.88329285721833","61.88082402924777","86.36098111383826","39","1"
"81.81809699953475","92.59962758149949","85.48554884106159","52.335188410103","63.346866745411205","45.106309474185","73.23114358435993","73.76533512924766","89.00785268980938","40","0"
"70.85310225510473","70.23724729655089","60.56492356623043","66.80900798669015","66.81244397833554","74.94030902677147","68.97285345751915","76.72558578318431","62.54822593391751","41","1"
"57.26660775004672","85.45216718712965","75.9310690097206","78.25217846057495","66.69759624490557","57.773148982899286","73.28741977026384","78.08158755512423","84.08031078824257","42","0"
"98.90819778553693","62.12881333858542","63.08118832283601","58.743448792608035","99.3206607628951","53.69308161463927","75.97434268804275","56.8292851513621","63.35298789369233","43","0"
"78.12314851159192","77.43862973457296","89.02011187670765","58.49770944264401","90.06001009018894","72.19453295813257","50.220236825222344","85.16686271023669","72.74596615755217","44","0"
"98.14877213005975","87.15852962585856","56.70022499774072","63.4360660477233","85.40562051763965","69.11186518859039","56.37063615065837","91.24081975498696","62.78140216967958","45","1"
"61.07815958535683","66.9048230786312","86.22836410102754","86.52920091297767","68.05683260681974","65.29344341476597","72.03748214404678","64.1310750460278","88.0183241214957","46","0"
"72.46940766767736","66.83593568832961","70.15818154487815","80.3219210534765","100.48959205711739","87.94135354745718","94.72725037884297","63.12727798804071","69.43126858929547","47","1"
"82.89125135138238","90.7694577000447","42.95363934448966","91.59436225957123","57.58851988223722","46.81513507556481","81.38640789698256","50.5113788166212","86.797246345354","48","1"
"54.99082303768941","96.26596006291535","79.22090532825527","86.87960830341238","81.78673061010554","61.29700836336657","89.83680511671913","83.3130914392563","92.6262201018869","49","1"
"86.56812515261387","93.59595414426121","85.60890288115633","81.18157473886146","58.26982454773243","46.89213672120685","60.74310146053142","62.99115413813623","77.29485877731163","50","1"
"91.24234711841247","97.03449566109491","62.89848592744114","88.2718881828084","63.57667119836249","85.37608030811278","81.02605631702234","66.37808543914922","66.28890258431925","51","1"
"92.1294783716965","85.94010057812523","86.92606114693875","53.2100890957077","90.3359288288568","81.46453831011414","83.89417673406989","48.49695893998807","81.38712460393891","52","0"
"57.03583074597513","82.4343581670118","87.91160811189789","78.62614271810139","57.77384032772956","90.11176121105005","86.84162254274018","60.546005972238","86.33339264272705","53","1"
"59.1538087868379","57.21750770933197","41.586711910441466","57.01083181719712","56.3873026733535","60.51790495479608","54.11809956122646","50.95304132400545","83.42517191735425","54","1"
"55.51912775683088","56.96531537506114","76.80030264911939","88.40023721094548","59.70110275844382","56.98676756101073","51.311407735815564","60.88143962842198","58.13380794219546","55","0"
"91.51916621377387","72.63277944085044","82.78882176412218","97.39892245316054","95.04140571553222","45.177183224613174","55.98810881796245","64.4918197259638","49.109129225771355","56","0"
"77.03810582832044","94.63483200333226","48.12185102603594","75.97542641185463","92.65027812798336","80.95993127524449","55.79503545617131","71.58902348317145","73.42172562025313","57","0"
"85.31463527144443","86.3368962105886","48.02173023401427","63.91345449236488","65.9279550349439","50.74165269520616","51.47506801684437","64.97629113401969","69.485315898714","58","1"
"80.95227750070877","74.36445228079809","63.80396034777881","53.72641802317878","96.90111584642361","73.01621283885825","67.38377962125497","56.09695205871273","70.37402919344153","59","0"
"78.61292064644603","84.33435528531975","48.686464371507896","76.25907331903426","54.383330357672946","69.98399779740895","89.9420068171098","46.371599127974754","91.93183977936086","60","0"
"94.24785146488234","90.72889882249544","56.81561341608845","56.10563128450623","76.21468870743968","80.08214302705919","81.8835654855521","74.02232745056195","83.57474085319227","61","1"
"100.10618474620934","71.89219342874824","48.08651324786315","62.045161737899114","90.05779596163958","51.20500763331982","62.36328800771907","70.62607924844835","79.35751811306714","62","0"
"59.09998650150662","100.74921214561775","79.37263528149523","82.21417987519007","96.5696885743976","58.69681563335742","55.29095049087935","81.0747145570849","60.9036540264783","63","0"
"74.50118505144103","59.0073923073316","48.93135654153576","99.3337132956589","94.29412824538667","74.5681546805334","54.97782192011654","85.12199344288375","90.74062865653684","64","0"
"60.684863103827354","66.57908852325174","49.39414767467501","88.56876119370764","97.12303317889715","83.89494423213354","73.36561940990806","76.9492087702598","72.39020519679542","65","1"
"83.40061791196091","99.34911190393018","69.7568753739543","91.88380620673209","71.34228893091415","88.125077784097","55.595396300069424","82.23436535764928","75.82497972715323","66","0"
"66.5276820455271","101.63606476282698","87.30456942867494","92.70808918281392","76.79761539965486","47.399195239290556","73.61599451702519","75.69601293760547","79.10956888433891","67","0"
"64.3541543893007","94.87379029510323","55.32698068565038","66.29921914391363","91.73008235969792","65.85865058575483","50.32896819906229","54.41046580017081","60.053570674451045","68","1"
"93.69540964791571","78.50306287040134","74.72234530731134","84.7715741498958","60.7506759409219","47.48315090362988","94.07651319934338","75.78632330466648","59.95312561043868","69","0"
"62.268186820350735","66.35144456277797","46.900434872246464","81.03517797230975","88.86932738955382","56.31555765892054","90.24987384596496","73.86175136532302","67.76250339863806","70","0"
"77.30979359531989","80.01563218711823","54.179033859003056","67.46833406449623","68.88896764071607","77.0101432295303","50.53432657612654","68.80043152431892","75.3964906324844","71","0"
"78.94189164793086","97.33074711162142","68.58696349136471","96.63331215116114","72.55957708063012","67.39818722937717","96.36305101330926","75.52356050705679","57.02624197064241","72","0"
"88.97085341611718","64.62768456248466","83.91235456030627","92.06607950402243","75.04556589085304","44.87182059599806","79.62244141339458","60.21250872970905","88.52321995126397","73","1"
"95.99836255535159","99.88400946118847","72.92967578573757","63.262865800894474","95.79013830634992","48.73839799687306","82.0882241675851","64.54868787893253","65.76502701791533","74","0"
"84.60564009775022","98.29620262256478","71.14084196622761","95.08244099677152","54.55860826020892","56.60958614941168","50.97586935631476","85.06999857909837","72.35979726928646","75","1"
"87.12915143975225","90.97449932600334","50.747666119144554","54.44411620519301","64.58241109766998","73.3362575186999","91.56131221571427","58.59256496889516","93.91958036612051","76","0"
"92.58081958042048","76.8698189465394","63.75042334349045","75.6008519546831","96.76803369467041","81.14008532856649","66.72201686514889","74.76311712797808","57.23614922810249","77","0"
"63.217287646837406","93.46403308864387","50.471056123820446","67.18337907706797","81.64904184966527","86.12442348398183","66.35026550754219","71.85430384905668","65.05124956801005","78","0"
"102.52072479789544","98.62952386108304","51.40612396551343","82.16875207544959","68.07175130372384","78.34255579338243","84.4458834854761","83.2953357385193","74.43981200939474","79","0"
"76.62285419886459","99.56195802140775","66.67764322670526","95.77845751988103","99.01434897274267","47.85029997204","54.820209432479544","69.16126229505605","83.89925898022744","80","0"
"84.72878173727258","80.56648930086877","61.81949273490751","77.33939918749505","59.61387146084542","71.24299523718759","50.75870055732571","80.76932851933351","61.40543994691421","81","0"
"80.37370756922641","59.93114728191671","60.46719063543689","79.53289995850218","82.64253676437869","85.17512984941496","49.943325261604336","91.6027219521343","56.6722090825044","82","1"
"79.29772886157836","72.90514534529258","70.39735509990543","67.42977588964557","57.29007444224836","84.48694320050029","87.37361727451872","60.20455112605834","49.657187132505285","83","0"
"55.07165981979557","55.42973902924488","65.83083976734594","81.99235883623764","78.86812113892984","60.848118099774425","95.48810468731561","93.07891708311496","91.32784483420512","84","0"
"91.91148558610517","64.27370271764477","68.90615496630673","73.37971347151365","79.2485981631335","54.07720152893996","70.53008444663207","83.04349646901586","74.43191288736871","85","0"
"86.83331842139965","86.60291319365137","81.33919778977533","74.47798065964469","66.63966995292088","79.76647746008884","76.68073375343117","84.43433494560118","52.51057738812002","86","0"
"65.35381623279805","98.62297127527992","52.716315350674805","91.8966637778106","62.73029218882728","87.90635599061604","55.67097281269182","53.36155550903158","50.153994372029004","87","0"
"76.79281537335424","93.30002006711548","59.80050022830309","70.3017327965193","98.06921489749881","87.0171450684238","76.91829400396757","84.3836833537414","50.430584070052994","88","1"
"84.60570044595356","85.56700080571206","78.18795430204693","99.00845478475168","100.47139616472256","81.83200157197048","53.600124738918126","78.12106860730097","48.85890240272075","89","0"
"101.7896186427222","99.9985112106294","70.05674295936267","98.23872198013265","72.9206948385623","56.724943048388184","72.48968981593428","53.08158807102071","48.943564422204645","90","1"
"61.53327327410807","77.27640990848292","87.80806337539467","65.71898483852584","67.88646478930664","59.08974182984714","87.1537037201625","56.367213313447984","74.18659005258569","91","1"
"58.98555442362175","76.61127309740914","67.60026281108752","84.35096858822943","63.446492544164045","52.90900027247922","84.09121485016541","48.45701454619251","71.80398568803469","92","1"
"97.60633414525783","90.94279183071171","79.87140282581797","72.94192582633988","67.34040157283597","61.21652442176753","80.44621570365085","47.54487557566685","81.42559251477708","93","1"
"89.66304815356712","87.0532307380924","83.66790001114575","75.65956417375142","73.00564214877272","73.50889874586963","56.13463786963732","52.485273805469475","74.25069510538249","94","0"
"91.67745790498468","99.30676544751648","51.18143907560008","70.66302751350719","95.75742257531749","76.23381735885468","50.60977210719166","89.35246968004782","91.6903062354025","95","0"
"86.50271371931741","59.6884066993328","73.584137052738","69.1801396349534","82.67356639550052","68.33407806066646","85.0201695185816","83.67787253242317","82.65178455299703","96","1"
"74.53215323636006","85.02947087141393","49.9128673911672","80.7003916962777","86.82866118299584","73.61179053352726","66.67273023150712","56.175122228989736","80.44833067610044","97","1"
"96.64154978366177","56.72550299477919","43.36241298304729","87.91859164670831","75.7821559264084","60.97810321978052","81.16190676267918","76.07528841414181","60.411634347066865","98","1"
"61.66509295041841","58.7587015203095","47.08248861673064","80.63748665885896","98.61024192604683","49.05868337421903","88.11752744987456","88.69968588703551","58.25009580179719","99","0"
"80.12800524213343","74.19620656278778","69.0524413462135","61.602444319198845","67.62351464568479","65.69379579475688","55.09249588260725","81.57509401491487","50.82829495582526","100","1"
"55.03159776781568","100.320272552447","89.17905818621252","83.27659711572184","82.47796660129173","80.46680441192915","56.46680767891797","85.62243254676093","58.918280841953184","101","0"
"67.29913956438354","65.21270533803856","70.55184775062888","87.72474650747742","91.25929916408379","65.69820821734253","89.40933122066973","82.20279502459994","61.88932607581475","102","1"
"79.90905084470901","100.92011546791203","49.70669028680187","74.434817481281","98.09362306554817","53.70872457721268","77.21157400924496","85.87082445667276","73.21244611633276","103","1"
"101.31147377889465","81.34154594831466","52.404691245324415","61.58381807486628","78.40563867205938","82.73715565060218","52.70203746050568","72.65209537980766","87.80339379700641","104","1"
"102.80815171363062","71.26607263981658","59.091852644368245","96.01175722818573","99.7104922615479","45.30859826934239","92.3885552782689","85.09452822357137","74.05713794952275","105","0"
"100.49632954055758","62.44141374696824","51.19962507879373","65.09919650679434","79.2417003835881","62.91836623706922","65.0036152927481","65.98848450509907","82.63339204040015","106","0"
"88.4951762851331","88.04655085906465","48.34466759380625","80.05008501993126","58.03985937092095","63.8866206925626","58.2622852932382","63.96037393472292","82.30328939527503","107","0"
"100.50381566194764","69.4669608044692","46.19191272704063","61.424931733247554","70.41343418853339","71.54407001361774","82.1088795573339","65.37366889799313","78.20305363764453","108","0"
"63.06934189011545","98.97184206660486","41.41650032597538","56.58731098886514","100.57590761978898","69.14193639079248","71.3647589432452","50.924368020427664","77.46080700120886","109","0"
"72.92307112791937","58.96479376669381","76.19416764352502","52.76712241093052","61.283204091428296","79.83462569363584","73.20237856519965","91.22336257239517","73.30070682559877","110","1"
"99.10921108090771","63.527675302411836","73.40082642639878","95.13615462669233","56.78195397655189","63.70350639085164","93.36474090956057","82.8097749240453","48.02304231601726","111","0"
"90.19026537625403","80.9260892982536","81.91106999680191","87.24590225263674","58.40557962142555","44.93007352056052","57.64605407727435","79.20788259633119","93.86092094445753","112","1"
"90.90231458294593","88.52193153228725","78.58595666206584","94.3688152676937","88.8917841833812","89.6339459775629","84.82894919259114","63.041234752860966","65.05068047160348","113","0"
"60.71700473063166","95.47592328475598","69.96205724516702","62.02434508059338","93.33254225685577","63.16140607838561","89.65630856942876","80.14033133881189","74.67853810881967","114","0"
"69.6831344872176","68.28747386502774","52.692082809352755","63.672449741025545","72.01630898161386","81.21833184661246","63.8847434765522","88.36420870297933","58.29710627045162","115","1"
"88.23190951813554","81.16439606396189","64.02446197367901","74.96906244194594","78.98928189151293","46.82386760671144","73.15342192307851","60.66858838971351","55.22963397636575","116","0"
"98.17553855525878","75.1452473670277","70.8026291063252","74.56641388889271","57.65811678455951","75.99727702379967","80.80357799292848","71.88859038485349","51.49627798801155","117","0"
"65.98690855046326","87.53854556210487","55.44405411167418","97.45446189235265","64.0491696288277","56.58437114819387","76.2047205252353","90.12518561203171","87.29853348778953","118","1"
"56.26856547912705","72.9394509525553","50.079305033518054","57.435524039667136","71.32102507973576","46.281833638957956","61.52032752411907","81.97931746744395","78.8884555238156","119","1"
"63.74008298786724","67.85772600144342","62.7700395802124","77.17791378561628","82.85458824631267","57.10516379771053","57.66338835244841","59.919793213484034","76.2881120692152","120","0"
"82.45678099785812","87.2250957753841","42.971231231931654","57.82534929179929","98.31631646610784","51.39186693558912","69.54806265728129","68.29800892678736","59.51834699900411","121","1"
"62.70153939498893","69.72248878909495","45.333276489125026","65.06258708809189","59.811878956163966","63.603671931605916","56.53022947921706","89.86133205117405","88.78049114495131","122","0"
"93.36846950348642","91.75300616346571","62.23811724356425","68.31273538165735","65.59218127795937","90.73255939427274","49.832816486847165","62.18651295515638","81.48007224153694","123","1"
"67.27502140553501","91.32168224006875","42.5096603292824","75.61410049948444","60.70886172811834","63.892805402531295","49.56469894000384","83.0858447306598","83.45367253550039","124","1"
"72.14571654198495","77.54347620912239","79.5374345092405","86.59380379400832","79.99997442230841","81.77097096911045","62.0585057727079","89.23450276302422","75.7889132116649","125","1"
"81.40124568530636","95.23892848579649","46.18914589669694","78.54274960708528","84.26353904610863","64.25381247693049","93.0053898274143","79.85722589419368","52.8858240954223","126","1"
"85.29820855486888","66.63443225453253","78.87632860961888","61.936058636172355","56.016654328487206","68.71150760570269","62.95373406430473","53.58010649234108","47.77112470683755","127","0"
"69.99709855514357","64.92466671319568","56.988798790704166","84.99004578095663","64.4422301998212","61.5367635482409","49.7884557250332","73.5847674683909","58.58203269533998","128","1"
"98.65604789243851","91.25874911557308","42.97049654344826","61.60031364433546","72.65841091612849","63.21340398248445","76.90619314656455","72.06689159450923","61.27922388950672","129","0"
"87.85271305493193","98.30805315489548","64.01849210338766","66.11507640423527","57.78034927025204","56.86899910364231","87.50097846862072","87.30231203472218","58.84820848797849","130","0"
"96.95527829023335","95.77106172103134","52.27227867670216","90.53339843943158","97.15097678695142","75.70072047747327","90.56740919941383","64.1937439043091","92.444354107022","131","0"
"64.0504329111898","90.9810415599078","67.25980977209665","66.18449711234261","76.20193853683705","80.0540403718612","52.23264967864145","58.493858651335955","54.555026431182114","132","0"
"67.59720385351974","72.89413907689419","50.5197517346256","58.66179368570543","85.15689688652947","44.43644870560507","61.45565819796343","71.26093182380815","69.38830265913536","133","1"
"61.21131923362877","98.31190683042406","86.44464244705237","53.388413740202125","80.35678826936338","87.03738950439377","73.41473989251168","89.33339382285807","62.925904015622606","134","0"
"99.61624336871252","94.02339568849499","82.82848615729189","96.52843312335688","85.47786351880578","50.60147368293457","62.33321550429697","49.11747934386196","80.31371482618901","135","0"
"97.89672148722346","58.76029114695674","43.522974383542774","64.59197477942824","80.10554803989598","57.91110446911559","63.235766809898635","73.71235870029152","85.6702117697667","136","1"
"80.38145763194085","58.47170984647777","51.82666111346255","74.81345379250843","76.17168958732475","69.94135371857058","57.7957520407732","49.128624813341816","68.57578600532358","137","1"
"65.31355626216425","55.57028533048301","82.28270727586552","95.89653702098991","97.66478662343695","66.5850425104915","96.23603989701256","63.0414301640215","84.4638728691563","138","0"
"78.21464042089296","99.99573679205318","50.888704948531554","53.32206496963766","96.1164922704587","58.39750409147122","55.302598799542324","87.36733527174587","72.53467456307207","139","1"
"98.79773382773182","72.72200230620301","52.08911617138335","96.77179634712776","93.09602346716503","57.8065991675716","67.14078936804631","77.5338050039514","57.85229028750148","140","0"
"96.97976806372144","99.23813656749147","64.94076500931932","73.35440126100616","57.440456657971815","60.218885348510426","62.72580509837957","59.41683048060373","91.39352761889717","141","0"
"80.72693064228315","66.90980821854136","50.112533325719426","65.34869769891873","65.5213381800548","52.50463853578114","52.08487655149578","88.57037705966837","81.6291618688974","142","1"
"92.38842949012466","60.61988745223741","43.62940895891998","83.48751501387031","72.91818192569121","86.53531625710495","75.00976302464157","82.69560119238967","51.21102289515616","143","1"
"95.41559926107846","71.97066370724792","85.07103626310196","53.81035475046843","90.36517450642975","60.60399042163644","95.4293000742953","73.99686189743353","71.26141521022585","144","1"
"70.98527771526373","80.13056331878353","63.788926667510665","72.70150238571239","95.93334484065527","85.53640110751617","75.93540163988996","74.0347633796617","66.43631416849496","145","1"
"101.0715120831886","59.527985288765734","65.00001990292368","73.97156910465327","74.6123341756004","71.41223935332688","68.31893696644396","55.9457763973406","79.77309078667368","146","1"
"55.127587714478","88.98049556994752","87.21161570585511","52.47932847577549","74.71734516864579","76.42780363162191","55.240911123449976","71.99370493141744","87.0562893086617","147","0"
"74.4749601760699","57.30513395860828","69.79530104474854","93.47925414434204","84.73871963766175","75.16525263094717","79.34565190132862","77.0234574751939","82.98602538906101","148","0"
"56.791697343852434","87.25584502014351","70.15067568813205","53.61241823336652","92.14820282171614","70.52521876993133","95.8596922411293","90.97569654133189","48.614921114011295","149","0"
"84.88826695868191","88.06535256026726","77.32731935526262","89.0143612468287","93.44617381591362","50.820682293452705","66.2440964000093","79.18271083482932","83.69202141896547","150","0"
"71.76138596970779","82.80879480293447","65.47407078482188","57.29450685944767","81.59136021089753","46.39364443617852","85.54978750461738","52.28218567079634","68.21733179055488","151","0"
"85.17702609194929","90.55438728103087","55.664162699874296","62.67280549339203","75.9966549008019","85.98200931855091","54.330514830085136","89.29298819851086","67.65893718794435","152","1"
"93.22514085879646","69.68545354293697","71.12383958508201","64.02683363410581","96.39536347052969","58.37147171103848","92.09025897212483","77.05418085798921","64.15980215398957","153","1"
"55.95688274895616","63.65733469722444","84.68957167177518","75.15920118824697","98.31088600123785","66.09899710913294","53.9188333404037","71.05658452675827","79.05485837979386","154","0"
"65.73033082188441","97.92352184876864","51.16206614063731","78.16738397592107","61.37165216881973","57.293073125402955","61.27396515083947","49.97983503393276","88.55858596599397","155","1"
"65.26244485677951","80.58789231070936","68.18965216269184","85.48338894774959","93.463857674893","73.21670099853895","52.25832147380417","53.21666360148191","66.15406623887152","156","1"
"60.26690517049833","57.04353060171914","54.556451853962415","64.08225713831298","83.15362975003767","63.89162076344782","62.724748720543026","68.32688756086482","75.61386655291912","157","1"
"76.39746083093937","89.02104766463447","52.13780788044657","92.91598158740445","60.4441870062596","50.321708147972416","50.42603058711947","70.37608495060978","85.69046630036856","158","0"
"82.73147980809128","82.28471264662858","81.76253972208166","89.3777018664335","79.78743466053037","53.9890466044088","89.72530932786839","91.44400465019827","64.231957878441","159","1"
"77.54901761300206","87.5287251740575","68.71112659456232","87.54289196054245","89.31154588020901","57.008118307229154","81.11886318365454","75.30627111518474","75.65187710848936","160","1"
"80.61883553150346","92.57212100130505","84.99530270922783","69.70402407384546","97.67185521888555","62.889179597519515","88.89591430805531","74.72280064337248","94.87479033457369","161","1"
"56.92372533205733","65.8240936009222","63.082273912231855","66.26838733042027","75.16803341440499","68.44677949341973","74.26635642890174","65.45620650370817","83.7265030271248","162","1"
"73.24907931585405","82.29714178351398","84.00085195100715","72.04540630182976","57.4093153085996","58.07035683885569","65.85357741366236","51.404089967872736","56.9892184707112","163","1"
"88.93653856106731","68.66044384468239","66.66176914270748","94.40880098459485","77.96371890359367","70.57011384385757","49.614517297102985","86.37044407682808","81.25740018432039","164","0"
"70.59629568638015","81.55890988297077","80.20663836018714","58.83211677872921","95.79814391354412","56.540230063211666","64.04338848157536","84.63533623688116","64.36417688393406","165","0"
"98.232638268966","95.03667202909521","43.602212334901395","70.00596607774689","56.03614849369952","74.7983979039122","85.8507758689395","55.77055999392518","77.97870030409429","166","1"
"59.05315582045459","75.48379188310417","71.25455880907859","84.22909684086325","55.657457119935295","89.76352048440472","95.82211676125989","74.64841167396351","73.61613632507907","167","1"
"77.56528298687935","89.22438188017978","87.09460442969272","52.766068225101336","82.68801320747852","78.93317342470596","77.74735140658849","90.41896170659818","66.94162879902363","168","1"
"75.20027688812847","59.96027230706912","62.580303531095595","91.64418632932154","75.51238148882376","48.848293596401845","74.31378513446843","70.82740693286236","51.47667597341019","169","0"
"88.18653865479571","83.2426836081018","65.63067051615882","77.81996923865356","92.43173658230026","48.07578180174091","65.80029616317029","50.58865638067466","94.58672656507667","170","0"
"93.44206139847317","56.22111345419282","88.60804272443751","77.26561193312583","55.80483733485679","49.12403280388959","93.18751648022213","55.99171317720669","84.02245088811244","171","0"
"71.75808936984578","74.24416687306451","73.87710813744137","97.98492016401642","93.8130510723494","71.76759348095702","69.14501872076139","68.3288283897647","87.78281785480313","172","0"
"79.32073412791236","82.93120482736049","44.98198718221154","55.643149779685565","54.848439627909656","69.2786276147311","50.80821965088169","48.18933006019129","49.88040252987028","173","1"
"65.62768035688717","85.62535608029334","50.38825757113749","89.28350083045643","81.23605520100185","71.55702019723789","86.38174171858971","67.7751269967187","54.288459075281104","174","0"
"75.74300937817864","60.333697146180874","65.11011070923983","80.25729952952551","70.47203038066708","88.29358459454411","88.22592112893979","89.58198276966553","63.39585239083492","175","0"
"84.03031852977121","73.9561400593952","89.19369362450949","55.63239597385482","79.27076287666127","49.62108543744307","63.155107941834146","84.85043826862717","82.32211084587006","176","1"
"55.5236868654915","96.42068067562516","63.71340236143024","81.74776507313122","67.62838437648068","59.944708916608704","81.90499699216579","52.69558517778231","78.94952467604567","177","0"
"100.7705786616641","81.74491397341971","58.777965165008865","95.1971155989984","60.83271505614461","51.289541669713884","65.55446718262364","45.60704016521099","82.83748598707261","178","1"
"92.74470621971244","79.96967691030216","84.80221335560763","59.383842911912474","81.87435706429169","89.91310496097398","85.91510119006738","68.47627520449264","74.80564334992837","179","1"
"96.64036000625045","59.78639117501591","70.82725871004611","80.01633457164472","74.25968256610267","90.56876816126363","58.43984404340557","52.597345988172044","79.39385240875615","180","1"
"55.32842839496301","67.15791477102324","72.3712740245988","60.2709298784771","64.29157657059505","81.40686899836415","92.79580197894911","69.41350819166179","66.17932765047563","181","1"
"89.15598028407958","60.847193660314545","48.96464115733909","70.82838501242136","85.6582360325255","51.64615238497307","86.38866276841081","53.91219703809184","69.83430374769368","182","0"
"59.52873525743864","89.85578655421772","52.243037400055556","63.29393108080111","94.68172607027789","91.74951126455014","57.87344886732046","50.930444349403196","57.839238457993346","183","0"
"82.32117974246302","92.30235511506687","69.25272183774074","76.1222077852494","101.20472339246216","77.84746951878412","51.86459895108527","81.29103033983296","93.93398869875939","184","0"
"96.24083700973021","97.56473701851222","54.71111195648058","72.68935770370729","82.37734395743598","70.76104487993454","81.51311912411201","65.39393841484313","54.80064091917364","185","1"
"73.96327760522648","93.60383820364137","65.23487148521622","54.24237258018423","89.75726588332944","62.90892579379623","78.23488460296039","87.80623665470986","73.27043855320902","186","1"
"67.11453525123036","57.511662117227885","44.373315427088585","60.425732070961836","79.64725706665783","50.22371685438965","52.169809346962936","84.88174838454098","75.09729054349904","187","1"
"87.35342576053043","87.08193550175757","81.72434452724288","93.1763924523631","65.77331854604371","64.39761906992","89.47068660849284","63.82311474572597","69.172473089774","188","0"
"57.8682917863548","54.4263990521863","66.9895297766843","82.5966665308365","80.98450433228868","59.57255561966201","85.4628342266851","49.52778393657974","86.4620421676614","189","0"
"78.73827945447334","97.10505760167652","61.29416670486651","77.45888034452545","63.2597869820066","90.71977206177476","73.97798391545683","78.37616008274065","90.2629759908274","190","1"
"73.97038757403145","92.3382040790867","42.75033373657625","53.077270924251856","89.42989106260232","54.150426251907","61.02700753996267","63.37321231153698","72.61491002785088","191","0"
"85.87285493633694","77.65045771191646","81.76473962176017","72.32092110415667","58.60736136542418","76.07671410438739","95.15163621167956","80.17498018369264","61.79780248479132","192","1"
"60.837841373758835","85.01740785353246","50.896817969121344","88.3251631697294","76.91784558928947","90.89712169579467","82.05921076014695","47.997162421114965","76.86006833731709","193","1"
"79.21210477774805","65.09932410327887","51.653762700863794","92.02577900038919","84.74952484476009","46.18656243609992","69.07197193943672","66.78480269555372","59.21669911979598","194","1"
"86.0500679122052","59.211115934293424","59.08552318797409","57.87718628614996","74.14431267231964","71.14626238519645","76.98681607864809","78.87298794192647","93.82514373906326","195","0"
"88.47470044165111","62.9718360826148","74.89565428420269","53.887014522737175","85.05153671894924","54.497512588710116","81.62273789897613","58.967729920846864","89.01053755069627","196","1"
"74.39700406789218","62.10984670158818","63.721404764003864","94.33830617220787","93.0782887614385","76.38157972711225","64.83273606973468","69.21260204770812","80.00183125835066","197","0"
"85.18727347460998","78.50165175213185","65.91404206269353","78.5322581488494","76.80606864563298","58.41626147529749","88.31079120219165","46.369375899513706","52.42491590091208","198","1"
"102.02142671665642","73.06912284700377","49.08073609748304","51.81866591613428","99.77387061820218","57.56563053883278","52.88010745147574","92.44469616455065","70.67161078974587","199","0"
"62.85911297196154","75.35418570427561","45.127221364796824","56.97611873840372","73.52324152595887","78.84361846934742","73.14676143667766","60.21277019605295","68.32213120050045","200","1"
"92.36299903051487","90.91426573577704","87.23605500749265","59.80321567209217","54.62983429564198","72.07762189232362","75.83049157081733","46.71379185110133","86.68226041086139","201","1"
"85.88097220963816","62.46869243000609","62.028985598755426","83.72490347712588","90.19927225218424","60.64383853440587","75.83309322377298","69.61535118597722","94.94445080602405","202","0"
"72.99913125098178","87.99327255203781","62.64151589893254","95.98015986471614","101.33840491021294","87.48034290011991","74.15099950831195","60.297666192325856","76.19984430706899","203","0"
"63.250287797287854","57.68970020146748","77.62356487219962","79.0727087617966","55.365486999506025","75.21596222909373","69.96013486119126","75.56923064239037","64.98621567766736","204","0"
"94.17279241469647","93.38472294040125","88.97195125001558","95.0031143498801","68.32857158124386","69.03148662262997","88.51976281529049","85.18552155143206","70.24892695058547","205","0"
"82.74928139730993","92.2421812358289","64.53717765742432","70.27556726970573","90.55655563162176","74.66947113286692","76.91275110740084","49.2046503777654","79.15528158646192","206","1"
"80.66724939464463","74.74430599109897","72.21765050710154","81.60827091713003","91.24445077133535","79.37266898922432","79.05867419730855","77.36626423009041","77.81990236171517","207","1"
"59.39554232204232","69.8818961557514","73.41322255345288","55.3133879360773","85.24660672397953","49.9899438789981","54.383525961196746","64.88853777341438","82.73828961792705","208","1"
"70.39531034130668","77.38382072502057","57.768744933277674","75.02716761559762","91.71864989731353","85.02495268369303","66.40607601841482","81.59633820712847","67.64763145764668","209","1"
"100.4205695376114","63.09948071571334","56.645301357696866","76.32150025407176","86.48243521819674","78.98170690112237","60.563888016447734","84.49742307966984","73.87641291208202","210","0"
"57.036111523184175","68.74695031897687","72.50339820263359","91.91792999982792","66.09453989329849","87.17479173108283","68.63189995776413","49.68804844597623","57.49168815121706","211","1"
"82.18328517527142","55.1526762145596","65.58443809573657","55.69499396296914","80.75179023331717","56.05371456759993","77.32176890246241","52.914834315030674","85.65047177681983","212","0"
"86.9214366466867","70.93821483112599","48.98036050885847","73.27230711759157","53.94972900051584","69.39039878371365","65.98523325094166","58.742871288494975","60.052811992217364","213","1"
"61.674292561277795","84.09425123780984","43.88673749465781","69.83649711873868","84.29749646387414","64.13457227399071","73.13629974270269","64.64275819978545","95.10680187279733","214","1"
"70.33995634331886","80.2955183686815","64.04654714633462","73.67841367909219","96.5324627482286","64.87572588210304","57.913261280816705","77.96708100734125","58.93378871237585","215","0"
"61.789396245379535","94.07494530206355","67.1315611482001","95.40607806234536","79.06424159446424","88.44904860962357","62.01222977735098","64.64831926229245","86.21951354674418","216","1"
"73.74482479744684","72.14071058707506","56.10358175488629","89.22922304812874","66.69358994653001","47.44822834032505","96.3769561512904","56.44348639660743","57.43883609095211","217","1"
"74.12268310281499","87.79312002851984","74.69191299594432","72.79691818743984","88.06374523145784","64.58281382176447","49.60027873107856","66.50493318174769","68.68423974627281","218","0"
"78.9044954244127","68.78603637097706","54.98639807151906","76.2828449011761","70.6171705178194","79.27435274604066","96.02591573464647","87.80555695396875","48.678661666965525","219","0"
"66.40580802877308","97.96905610057836","73.77330434207822","52.246410316631504","62.920431715073164","86.74431002312045","67.30877618400778","77.6040860242848","63.20752783565936","220","1"
"58.14480206213051","63.49213479367955","59.79699763769628","83.74011250461353","66.6952700775853","48.52937783054987","85.05219970786544","75.97797714795468","47.686384602211945","221","0"
"56.60357204200044","96.6024172227044","49.44487212574907","78.79152820506725","93.65882666558602","51.155288101566015","50.169843480963344","75.52608824234461","93.895513554474","222","0"
"100.6638452275524","81.64472682400964","50.23094144295756","88.0596008082255","73.96278651031503","83.06759465499401","82.05146778133958","68.50621804900767","68.0064849629636","223","0"
"63.94174283809703","60.94037753394028","60.10894461380764","76.16029544036108","89.49228232942866","61.429723286040854","90.81465863308718","92.64679940887505","50.4161014117831","224","0"
"66.6812010642507","77.2972238351217","41.644598286501875","97.20459537208387","94.71999409697665","60.65891987478351","54.272245285380414","55.730024874361725","51.513828961227965","225","1"
"83.75605393206051","86.94396870371914","62.34398601714669","55.806872198596025","63.847162747694135","82.47618160555949","80.60270742234776","88.20388134907574","62.697007934527235","226","1"
"99.13960389705751","81.25326569512589","71.08013271512162","53.46062344494248","59.3326068596565","73.68117704040623","59.61193213591629","67.20212045995947","75.6183896456352","227","1"
"61.99349623857185","62.95849096033261","56.56386148128013","81.37445278723726","77.54593273457408","50.130774293322794","52.18014069383581","73.62525101031012","48.635337162891865","228","0"
"87.05622967026657","78.81507153321323","45.765871894630834","98.33410001032449","66.00263205177261","66.33769553259428","64.63595219653489","57.869012840717865","56.13024764980344","229","1"
"64.65002018142191","72.1160437500425","44.091052000297495","73.58370825541218","65.915862383754","91.17692402097408","69.38672094284833","82.62218552966004","59.763830376467794","230","0"
"67.31415709091029","56.82928790883932","72.59338547630327","93.4107593863988","93.93987202574566","84.42939436737979","81.57705682150964","56.65355168008211","68.3329899867881","231","0"
"64.28434850175711","65.49479760788572","48.57453203210167","61.25844599656313","99.05536540913711","82.80828933035085","55.29453160136228","88.81044683061114","49.164976386463216","232","0"
"86.14665662754147","81.01673061180124","41.783930656572","93.69895529359447","69.61671728636998","53.20713784955571","64.54956148016575","87.52777302450973","95.16767883051008","233","0"
"87.42040660102654","65.88096530790612","73.82848332394919","75.19360836066521","72.70004662782027","85.48100420247228","76.09611218621717","87.91299615401941","65.35754825711247","234","1"
"102.03745104663564","101.295399548274","53.83180468506163","82.84882330446092","75.00721872841834","87.50516670696909","64.99719790342564","53.399661631229954","83.354038959953","235","1"
"82.34647288192234","79.96529171438453","85.04262345370158","67.8636195799736","97.4258257262934","69.64854845154805","92.89971515382217","58.033930091829156","67.00116033145805","236","1"
"58.80243663653911","62.06349387463743","60.06341832668686","69.05715161816178","81.00722206263399","53.31992154949367","52.285201274862004","57.940404150441076","74.8668872332215","237","1"
"86.44368810397444","76.09539356689861","77.79759085525448","52.18660810098679","89.03940402985276","74.40955192854523","94.04260403202015","87.59924975839309","50.33827587021504","238","1"
"66.7116173809878","82.17704589850624","49.17747620749802","58.49337017254554","67.56908207554835","57.19311045994417","65.21529875116735","51.93988315919804","95.49906430320465","239","0"
"57.98522686185974","96.2893839813299","49.4399935630352","72.56415116828353","95.66211541222617","62.50478979691182","73.66091524780042","50.36975940275091","67.78524439494949","240","1"
"79.8526041520263","72.19839961413356","41.75899423107579","92.86454246736812","76.64448627125311","58.42153357270021","53.57817179531129","46.05330256252519","55.07040070866619","241","0"
"67.80949806309658","78.41196633332817","75.03466144785453","64.35044239177809","66.08964413578721","44.70120100681947","67.63344234297435","61.94275134797899","68.25954083043015","242","0"
"97.44254984670128","56.00478772817066","75.32012756925975","73.62847415928388","84.43731189662897","57.95890246544921","56.346572767351795","81.9855194748924","68.17635988723991","243","0"
"91.42366004248906","68.13256481022376","51.23548253321695","71.52197192339153","76.39844740120178","66.33213756759515","49.24118301231666","57.018839005566285","78.5388105902838","244","1"
"64.00325968681494","57.31770134021161","87.77095491823913","82.50106128121175","100.60774828233937","83.4782001278155","86.26455202319978","61.653767899302856","76.16107391922209","245","0"
"64.17963996046751","99.46858547849433","68.20317383706589","63.7662330009952","96.5631751827138","80.73504155403852","52.37545759154383","72.44929084088363","80.88138132165818","246","1"
"71.63487628806398","98.10399685905567","61.160111184423585","76.24887959449727","96.78926366906126","69.88765754185876","64.8464956910673","59.72508653309608","72.76963979486804","247","1"
"68.18674545846974","66.69991137073767","76.06504187453135","61.788390175413795","59.53123992751537","65.81851662104295","85.9674582281212","69.19700553924564","95.32430225777608","248","1"
"66.53802728147907","76.43524858640441","42.80795918671002","92.59659287910901","54.7375160516957","67.44083474807499","86.59725443335869","61.62899044209933","54.14220563390596","249","1"
"102.00430632908461","78.71216578993548","78.83506997660051","71.78729849695921","100.83740457319928","73.13072368241886","80.35353568951261","46.850091858643125","51.77793642932983","250","1"
"66.80624177152096","79.83617951897196","50.84638913115003","61.666915923907176","63.67222855597069","83.97996820851479","93.68693361798772","69.98143729768977","56.44503744972853","251","0"
"72.85469927723699","54.984562298538215","54.59492406779985","69.99413587757343","54.76178462718656","61.406189495253045","57.84317199794204","85.53807000988671","70.8742778957401","252","1"
"73.0146833847666","68.24082713870428","42.42078529646459","66.22479573877482","81.9326850552684","81.83772539567575","92.3154175643764","65.43518932771012","51.71571029541484","253","1"
"95.37387377221829","87.84423727730918","48.30578073384038","54.34889646998926","64.58217068135244","76.98536181302792","92.1584056659532","75.71010943611824","54.78995191471553","254","1"
"95.92365361591577","93.94047492920049","55.13595362905812","82.555524365731","76.65786566912271","55.608310813816885","52.99817512606315","60.301661771473526","54.59395173776512","255","1"
"73.64203310233977","88.10907702340539","66.02353414055456","53.045798341358925","76.97729862848522","46.818814157321604","77.59160316888169","74.4355900301489","61.856530304856236","256","1"
"89.51593563344399","91.75537357817163","69.56351252769666","86.53189644363542","98.13649324261104","67.18403141708534","81.43218526654547","72.23382536354967","64.81073691499871","257","0"
"101.1562790389495","100.07221107817399","54.49721705654085","93.42186101261422","54.521749859282366","56.186605604317776","61.266345095730244","53.74667277399429","52.335046998528576","258","1"
"99.69520319098702","61.53593671889453","70.51148759339982","75.45880914869312","93.1246736503455","60.21639270468724","64.88092799909025","68.65716335362713","50.819096186610246","259","1"
"57.48865637477239","88.2435405973225","52.052816793890784","56.72099215041863","63.66203782983806","49.71879523981744","92.2664440439194","68.0512093057702","78.7081680301026","260","1"
"87.44013087505367","66.97260063832765","79.46308699155652","56.33823990178374","68.28990231642366","70.00432228484522","77.96955364008721","91.7052041153838","91.32763682274724","261","0"
"66.36408414754133","60.69449117827134","64.17418297318012","69.08478821561245","89.12155241506602","55.24938076278605","53.77080767493598","83.36406962041335","52.875588310341854","262","0"
"61.487050394026696","72.81371622396058","77.98824350909446","73.48665643785093","100.24895866362522","66.30856067117371","96.49314363729017","81.97540579156102","79.5861814950852","263","0"
"85.42389852285372","65.11768844673301","76.1280751026852","57.99727638427847","88.8454734952748","81.79785698580804","58.95671562841405","49.312703408824305","51.845570097827235","264","1"
"73.36390278884707","74.11390355872203","51.189687617530595","61.66278139200028","70.0989798896127","89.8145485446572","51.11680598654408","78.52547971831328","54.993852149451875","265","1"
"93.69209845066324","97.54230376281191","79.71269332364524","64.01061234510362","85.88324435976389","69.58490457333478","61.21645921866353","80.03698302769463","86.53696437133826","266","0"
"76.74874448178618","100.9699741738912","48.14734431612595","76.22945175961726","95.55928870166818","52.09428665932247","66.76208315751462","51.031020007327086","70.30393201727426","267","0"
"76.03509290836529","73.70419637218217","45.95035155930776","88.2726465188393","74.21468072261305","62.749309110191845","81.2754477767879","48.38706468021739","84.10680264733851","268","1"
"56.82344853201059","71.92110977931728","44.811357828878926","90.91686538080006","90.30886184948989","60.081934359922556","62.84714688744967","71.0582424016467","89.57382519050613","269","1"
"90.8949973949647","61.44894100585948","79.37716147925774","97.46975273007996","70.71154965530633","70.0197674400347","94.36175590911469","91.86687734559096","88.72511120187562","270","1"
"88.14491742298915","97.12771716144273","84.4088459232011","84.89785227108737","68.05337532402325","56.62070593409596","80.94927001863816","82.42028445875273","71.17422372235382","271","0"
"58.27231285488324","57.3297212149427","57.07414468578391","83.4462138694195","91.59976531941143","50.83931803990952","60.409408442402274","52.5673857405881","92.26239920839214","272","1"
"81.02727834624541","76.08935794338709","58.80357103702515","90.40608434015911","97.03997862870958","51.02965599822618","90.45635799506175","90.33666796926475","59.586336326947986","273","0"
"71.55823468992823","92.58617778009386","53.17514109726146","60.25612308300862","55.931642523053604","84.84272664957204","92.78768746167901","51.25778347975684","86.42002804871477","274","1"
"86.36434204576338","69.95473840455337","48.57253387227476","63.767625523152496","92.93603627686701","57.79862761099763","96.88977410815107","61.64438215570646","92.65960026300847","275","0"
"87.14945170864496","89.72457623280857","75.77908014446619","90.44827739990245","85.84352121245146","69.68572334488283","92.52215098408776","89.94933825493376","62.59344293285798","276","1"
"68.47483231432838","98.16509472146569","49.82640766240391","65.39913476608193","59.8120876404351","49.730406674388526","90.42277849506013","60.12626432861688","77.86606210075574","277","0"
"64.21346816490063","100.42008224684082","74.07397319038917","94.03605673053214","63.31414658570678","84.00263974291155","49.233591168939995","56.59139501645164","74.90783176585767","278","1"
"79.00527951834508","84.35526882637231","41.45821595609924","64.23254423003169","81.21851213015336","79.36820196345786","77.98785752805595","56.87961133844523","85.53896348652518","279","1"
"85.56908881921446","87.7698392585286","73.81358230379364","93.00049195740633","57.772380159348145","91.83753789759974","91.92155303653175","57.4780216775459","88.10117509760919","280","1"
"65.28923889423879","54.736102572156206","53.5037501305942","54.67155074078674","99.17194878332043","77.23017860632045","69.46771019506151","69.00437955505585","81.009310548101","281","0"
"80.0322302619335","97.57064818286963","83.82985590080399","65.36830220500521","59.493463122695104","90.47861803120425","50.286382749598225","66.53889940123264","55.764700366787594","282","0"
"99.33236268480688","89.14493770831709","57.14690593933042","91.1521195905108","65.97681990505323","46.08275707087513","77.42794710544875","73.15882763352452","80.31921707034132","283","0"
"60.220450083601804","95.74124098947358","63.536745221824205","84.96812989730384","61.954458162318204","46.23794104188545","70.24045454926222","65.90449129520182","74.74856997562468","284","1"
"73.05798712689663","89.25262018388456","85.50069019257683","64.15374553388008","54.77282250846691","46.0327670153554","69.41929835056101","49.47906936726569","70.47078638310997","285","0"
"91.54863944654262","55.89794292561549","48.930682153946776","96.85651921647624","74.0567475621142","89.24091728710566","69.1353078717402","65.292627528788","75.04987117442657","286","0"
"90.35064490188725","95.93908390556322","77.51324434033033","60.63099285727878","99.01674426154636","54.68945939734967","59.018205009759306","73.87957998385251","70.03035172686178","287","0"
"61.820067391626225","67.94490559010028","51.45727944513753","56.351248332678274","95.5623432296393","46.85964770207614","52.57420423472654","91.08560403744092","81.20042691997398","288","0"
"64.1896988398555","68.22244632867339","52.10906726648318","52.36639363154252","79.2105579997507","89.08328827016403","54.87085118418399","66.07693911772328","62.395918509436555","289","0"
"85.9939229037301","62.3883895201227","57.4461034026763","78.45168572860554","94.31513310026457","55.68282569425391","83.7282231626344","63.34734169031116","82.04883326133879","290","1"
"93.16919389227728","75.67671014039524","54.50999029534269","73.15561681826341","100.70226094592428","50.1430966671487","58.72588838289964","59.35465126410036","49.50736570909183","291","0"
"68.58387324572932","92.93029668063386","79.20637384366348","65.60645306826137","63.075890544478305","49.89250674783478","70.4544637469904","90.0800920494166","89.86309028250925","292","1"
"75.46342177781916","71.987951200679","84.24621253391888","54.72365418384282","79.21428618350501","81.4270611685536","72.3496052718686","70.95375415909953","79.61762883202081","293","0"
"102.40635092829795","97.54471533759173","83.94241641039446","83.28441726660147","74.5223780937546","67.73018279491383","57.67039487794919","63.96450867448704","79.06238467032703","294","0"
"89.57665190447906","55.61173677894859","70.64999027323164","67.18551164736574","88.41150347707435","45.85380514713349","59.38147603695596","76.9085159438745","91.7917880022715","295","0"
"67.32602700605871","75.3852011309321","73.90424145400102","91.65102739187094","70.80965238190497","44.57647211728803","87.74592100731422","79.36997194459194","59.094268939077075","296","0"
"82.11991582646864","64.09197772359126","85.26125562758831","87.49509633010291","93.7181213552452","67.4756883013746","73.66320862024914","91.91927776523647","94.14568983386705","297","1"
"63.588078074913895","82.94641591857814","45.69616534323109","72.72059864766516","100.00271809877191","63.23881779272129","74.28323434524323","63.49876319307598","63.85293286000068","298","0"
"70.28762101508302","54.39789201388551","56.09634772542559","91.87336208312811","90.36965195049356","64.61703411294319","53.89705911376532","91.88704242077971","85.61214051546771","299","0"
"88.89535811967295","61.31455645477142","58.96282325812081","85.26479091392244","101.24593838472775","84.0727892601438","73.73735483843937","62.17573674730982","70.19858015643005","300","1"
"99.69349001574541","73.77365506984242","70.45186173997534","66.02359147069284","74.86648726874981","83.84878194827688","76.11236061569092","46.84897051486856","81.43776624280072","301","1"
"84.56766856644002","55.805601434228976","57.52669006202807","63.18110530812728","55.30507983834787","83.91307521512677","55.87575818202466","65.86120025992099","84.70178518527156","302","1"
"57.140213777213305","89.3696949261807","71.04932490789237","85.98731213583793","68.23659944852227","60.95400546572962","54.642464252951655","57.57948354129582","56.37717622546757","303","1"
"57.62882317231319","64.20029631625732","56.03968464533257","68.31347352534901","77.36692480662617","44.0514308998799","93.75755830206907","81.70868548874192","62.22735899696954","304","0"
"84.61697542259408","63.328646082519086","62.57460788134415","88.96503595534854","96.10768935305722","67.9645625775707","87.36942362568576","67.33545468935677","90.61144883648895","305","1"
"80.3280104104081","93.46604430774865","85.86942592392904","72.67619807221668","80.1623708503063","89.95430827929434","57.77036827313271","55.97061363794076","68.54337427120868","306","1"
"92.62586145723002","79.09627917983312","59.13913440342161","87.96896300518026","59.13005982938521","87.00586563689926","61.64055121627388","84.11006081125534","67.66539545807846","307","0"
"61.828242365894994","94.76006367452139","76.78844836770973","87.29702824516207","62.147303535639004","45.69487574284283","89.8881690385165","61.139686563791976","75.40176755265553","308","1"
"76.56086243236865","72.61599472295137","57.76346369791855","73.4108064601626","80.59035674200972","45.39006180958792","58.006915458954936","75.26877744288397","66.11574807665507","309","1"
"66.36571502891918","61.42478723583457","80.95502585854287","79.40118042326525","55.12335768915923","52.06153377215175","85.52411796639718","76.41955465214424","49.26696197881239","310","0"
"95.53626405715939","94.11631669605886","74.20926915255171","71.34880823165906","85.68562568935212","57.21443964160959","57.88010095298858","51.894623696263146","51.587405962109756","311","0"
"61.108633781117675","89.28112589936009","74.24971776596561","63.70902491195606","70.7010818556333","84.7557946601308","62.591068645900705","50.13745847945946","51.84232333225444","312","1"
"67.49206973187948","86.40306474806452","62.79132107982214","60.16226431222573","93.69070527811974","56.78922194538049","90.78789501846944","47.67214574227246","60.00871799410273","313","1"
"100.44512797394182","60.5213403545931","61.57853254097719","63.95346947219386","87.08888741217504","52.223245513641395","68.62043240555101","61.24188097005918","95.16936224263462","314","0"
"62.675642048504116","66.93159579612768","53.19766012788298","87.08269862638383","100.27657422717787","77.91426664486087","56.12112811073833","68.70602086780947","83.93534356229567","315","0"
"101.76857294347644","76.17961429370955","49.09716452437519","75.78099836521127","89.06333456014252","75.54791720138405","57.79853648802068","87.0667531225226","51.306248323215335","316","0"
"71.90924653974622","99.016959653711","67.16718602420544","75.90004320699143","80.417803791191","87.53301901390564","82.06599255710701","59.720077082378175","55.852372262152365","317","1"
"76.63072400002163","55.98065970477719","67.38272982003296","87.85348749678786","65.4716683402808","63.03936471746084","82.75581051761952","69.92839794876475","92.17965891824193","318","1"
"54.932189214153794","80.61736228182721","86.31102050057767","87.55330577265909","59.27744660657773","48.57647471608894","53.40138299953385","84.1387894379669","83.1423337972306","319","1"
"63.94102822169529","84.05215481766254","86.99634091816482","62.567836192609796","59.83873170884316","57.34717648693295","61.61298734535515","89.3253693878891","60.11023941622577","320","1"
"65.50947445922793","94.3783320791731","42.754472920545865","71.03128840143519","72.89168943870231","75.19809030366554","90.57256201472437","65.25502487588305","76.7425172157023","321","0"
"102.0119003840241","92.09527016603238","50.64078522909345","88.51147499901599","98.34752339722723","48.161535232475984","54.172527129825454","57.042751232724136","94.43891847743348","322","1"
"102.7499139805709","67.31217673493504","64.70656061347536","96.94226860103174","55.32933301791537","83.03689533699213","76.92606169046236","69.01924349989257","86.4063340357177","323","0"
"54.879403949774115","92.88335624680649","72.21015093088722","51.817684349114806","91.54486553494507","90.66475414176368","62.87255023426549","83.38212937785893","94.04643928197333","324","1"
"57.56253323742433","65.19377408820792","47.46236694519192","59.57533087461004","69.57970161731598","85.19834089720307","53.56959209228667","71.28717520620397","85.8481884421913","325","0"
"90.78382970668686","98.12113453339344","65.58712546760883","63.955731468153765","60.13734321906836","44.445821484526576","71.49468189929037","57.866190483363944","50.55149256124167","326","0"
"100.8026156108794","67.10281362458045","45.609100395371385","54.990534339789114","58.400449769857055","83.91471763114014","96.86905339761448","47.73378111206081","71.77963459501055","327","0"
"72.8573356652226","59.0779797521652","79.60099216896138","94.60447197380427","53.984376595168975","80.2805301609766","53.19512576174601","78.02843227672507","74.91251359290318","328","0"
"66.69490087001765","93.6463076970611","82.52729213127007","72.03506457763245","88.9590838411684","58.94607570911738","68.04992256904052","59.39090397440331","53.108488912356734","329","0"
"69.70194417535156","73.18555084885094","67.99982141166605","74.80270587929351","98.52220515693864","71.73247314993918","49.16048768138822","78.62991071688478","50.68244740827368","330","0"
"93.51105705264385","72.51324236919139","71.49751284641647","66.42306654046337","54.264381869352995","72.3447877622181","56.11511539881338","79.2527817654482","89.85349008934735","331","1"
"89.80360219785003","63.41201996808145","60.76219864842098","60.83177728878638","59.831471815143225","74.04994834131709","83.5223073146741","82.30069275164344","54.535976470726375","332","1"
"88.91709032962365","77.99478797093812","80.40303256741906","62.059658546015505","69.0474383738381","73.49119611182535","51.824565570785445","67.11835514726177","50.735233548922416","333","0"
"96.50229629673204","74.69239532682923","82.13665448569968","72.22868886792304","73.37764839482324","72.66678672207175","49.11293700445328","65.42544450363086","92.64538937631413","334","0"
"56.60267853650872","91.54033776279672","61.38875192358357","82.91220343270439","76.24719119476222","52.67367332568173","95.14306762487186","58.687124911679085","68.30368253734765","335","1"
"82.70157381714152","75.65869147674228","87.49087621634648","61.47108689581288","100.7643951258281","73.4873699681682","86.73265586239455","84.28553449220966","56.43793415725841","336","0"
"96.74109048914526","79.04744367025688","71.61301583863279","96.00545082547553","81.5664605227324","75.82471489524066","73.56329464595682","67.86660895941479","51.5576694002281","337","1"
"63.23144107935457","80.66693533184161","61.31222970340178","89.96661063817885","88.16840252159744","75.94552183080638","89.58916730370285","72.32133357896355","66.67385363598017","338","0"
"74.44876328962816","59.88706637074854","69.24063871169903","70.80615966547124","79.47489554006829","56.15023447190685","93.14989001427179","51.71086750046041","87.32813525127888","339","1"
"56.70986831446088","56.43077489281281","62.04622892915924","81.55832583647884","93.42779085740959","74.53346208028591","85.45414974426046","71.3590000032372","67.62195599589198","340","1"
"58.705383873780846","55.72214578630101","56.534938772689955","67.01865138892319","89.63701828285744","44.31145882014431","59.6297350607623","67.29955350066467","49.06915498823906","341","0"
"100.96089610233396","56.8447565393856","81.4794792872189","86.06276547304611","54.762709952070395","61.27769200856467","85.55621756026328","85.67712568937614","66.2761581984509","342","0"
"59.26226791553063","78.6230491113929","65.83806507114065","92.26555270817343","81.14986759370201","69.50294302563437","75.59150579274034","51.437105428929186","60.71528385610793","343","1"
"94.02599663396926","93.32144027229037","63.628897891422596","98.24862426483996","83.68066364358042","47.59370160624786","83.67169280179812","78.7512168456318","57.95246454344117","344","0"
"98.95955279538845","60.98666220406102","59.86322046846787","82.72329693404494","74.866831868213","90.6388962143285","63.085442600910156","64.23115735342724","49.404710372348376","345","0"
"60.108636099896444","81.16836332842517","75.00934597212665","54.4038646661505","72.60814389307797","85.93581414273844","93.73699893634041","62.24831884430241","86.54543212903057","346","0"
"74.09639593856035","93.07438701230842","48.91074640786094","93.80971477202613","95.49179455841329","90.25367220286702","54.41170414000969","54.70373267530828","59.32826957445609","347","0"
"73.26228373270358","89.17807167102733","43.049652602585","72.355047221803","86.94236402483398","70.89854733107217","81.21881592649207","61.87664659970974","82.55093543488688","348","0"
"97.50922522301454","60.48025747661399","73.33976344040552","80.86770914917966","70.2804236360088","49.43583810334128","63.38757090644701","57.809889009400656","56.99796095320557","349","0"
"95.17154101132085","59.83958611847741","52.03383063411927","87.59604277911978","96.84860065674738","71.92895709979962","73.25178991058588","71.84796450679983","72.90512245250937","350","0"
"87.74531727766445","101.76654573262309","55.53521469634508","73.37312161025939","74.89669704369304","90.62733395765791","79.40359998550825","68.51230696374911","70.07261081408522","351","1"
"87.5592038594913","72.91751801495732","44.70121790390026","55.13746509573531","64.31883945164793","53.877903398786785","84.6354384663908","62.009972577304886","77.10349639363315","352","0"
"62.464129086485016","54.34027403234601","76.33197328927177","56.92682923180545","100.50962828319369","74.44848134406838","68.31237786346182","87.49167523571519","94.48046874023406","353","1"
"89.8046240043543","72.80694704471958","43.40375254960334","52.761378387427705","83.51572091626412","59.89992147500956","50.259013759194374","74.41524919143907","95.53805254833465","354","1"
"79.10320730484649","62.50577184724097","60.51900700945423","52.27557773856393","78.44396646151758","72.5986186506036","74.82240317431597","86.7557893819524","48.182160930077686","355","1"
"79.97525672607917","55.18697254044177","63.12062593461454","82.08227724500851","61.572981309463216","69.8748429609933","78.65562877043217","79.63215793176455","60.18415882963701","356","0"
"83.08759318911343","59.88269704064294","79.87097732331289","98.27636398259168","100.72039273295337","58.44390036140497","70.29576693703738","90.19355188140833","47.71507696644953","357","1"
"70.30745104841036","70.47151541602554","68.90360303703723","56.46477179375237","59.195726210313104","67.59112493025553","51.05572718436424","63.84839013016309","74.05143244033077","358","0"
"72.78806066250952","79.63829098672457","75.96273150254244","91.82979820078148","89.57261572149375","58.1930577618477","67.37159972678668","46.99332213192484","86.59837355349809","359","1"
"86.66509123840537","99.32405384546665","64.18848497438934","82.21072762159812","75.08179901528206","62.05025346695635","66.4264005762574","63.40968798003474","55.03418275142173","360","0"
"66.89486853265647","85.58502189669194","57.21584778752556","88.22532779731044","89.70820997064908","63.46834604707411","67.07406579714376","73.4695086965856","89.67413240810082","361","1"
"65.76383776017468","94.34409059674415","50.25333871664171","65.35879791089779","101.13305526578796","73.21135581719281","65.23567107062067","88.48202932662517","55.26210504893551","362","1"
"73.86621356608006","62.682487422252365","69.44470773809188","89.93931950117113","94.22767320638351","64.32289629956493","61.61868950344656","46.94043013163773","60.3752264218097","363","1"
"101.54206389995886","82.62208579716334","42.411312038057005","53.82870464572263","57.55931916618045","49.901354488103486","58.37893604764115","71.85433978432339","69.6248688228365","364","1"
"60.97192897771339","62.70774954688726","41.691389227072435","79.22469264967576","86.46896761245708","57.30234985982134","80.06235790756223","67.04917329026979","48.89993635071005","365","1"
"93.17471737313043","66.57669597890532","64.87653397784503","91.0476676683353","77.24766757894989","53.83216980348917","73.56128274500416","71.20826332242821","72.62863339227378","366","1"
"68.69714332605783","65.10951237128702","67.91108951599266","83.38017009062656","79.55848309566377","50.040099221735844","82.26655276035129","70.48593248948377","82.24398311813486","367","0"
"101.68882413112043","88.09494316076166","49.9359431053243","64.82227590420587","82.11919391265944","74.49805787823546","90.24636712299205","83.49332995008137","84.02551910294513","368","1"
"72.49879243276109","68.93744350855721","47.165051283519205","83.25521452436992","92.17899124883684","52.63835040295026","74.34942124046471","46.51335203200513","81.25841780757973","369","1"
"95.86370529714512","57.17980267745827","50.812675504528","94.28227643851247","60.82018520658479","74.37039960361466","71.61304237259976","87.78612992994964","64.11171614803747","370","1"
"76.66652422890691","70.1321179933312","60.723618465211175","94.00757958965906","63.6497719344788","81.52648317557973","54.49215851127556","77.3305205520334","55.61197203274013","371","1"
"75.66256920540697","94.23253621503005","70.52004003614361","89.00086833273652","93.60118695382147","62.58733848583729","70.73037975522429","62.362134821080126","55.73282119849311","372","1"
"82.46394927566642","83.18547149378338","86.44693030597942","79.12015961275318","57.15656647203089","88.63595453461694","72.53584456454766","88.11633065351079","79.81081009150752","373","1"
"91.19816329911866","71.18652383251099","47.23730619373271","56.332362489204364","85.26418200839339","65.59493096290073","73.51001446813687","86.73083249513915","84.64064705184188","374","1"
"64.77111678748886","56.1409873948274","44.203948755318336","65.26419461332192","72.58023237955808","87.4665168625578","79.8553133188946","88.96215780105072","92.122320535052","375","1"
"96.61940189622068","72.35924578076637","63.164921117047","63.37980746990089","77.31816454287193","69.51358335685288","52.132573284256374","55.874142497442406","54.47186827397843","376","1"
"75.71042534283583","70.11491607590476","43.548206451733876","72.94506408849202","88.31518066884055","90.96653704700371","85.33340210698013","91.50818640680156","73.69438307540368","377","1"
"63.59539176189533","71.94609422099148","71.87343764298832","62.35473451813521","80.30743275161117","71.92150260497837","59.030161858597445","61.87386299294004","88.7862613313199","378","1"
"65.75589300272718","92.97837399753391","74.58867235346891","99.25235031715242","84.7467349399128","46.22171098937122","82.35111763952331","76.85807178935343","54.41223131050459","379","0"
"56.33437913368897","91.02431977752732","73.53448987249219","79.50931743095178","68.81001685185112","44.70377543103156","50.73620293196007","86.98136976332455","94.71288401080407","380","1"
"89.47231646044925","77.04898260167397","73.02172844386534","53.788367308753074","84.52104184915783","65.1748411363577","91.81755284292295","72.73834630106926","72.27707247198387","381","0"
"62.650555741530226","84.02011255822408","61.53410282588064","89.22152849189274","99.59257885448201","56.385235580220204","84.61344376377562","54.70443864995626","77.7114111894911","382","0"
"63.598216358985525","93.52811605437643","65.35780386237494","62.07943947493046","70.69401705385648","67.59003519132357","70.47432393579429","67.49678780403154","90.80449444850107","383","1"
"80.35554159295522","73.21271906161688","52.3309355518856","90.1032304635755","55.867622965340786","64.44619231505352","84.26665562547109","80.8703831890838","49.086321319604316","384","0"
"90.70613378184133","79.83064372371973","87.37938156512809","57.167225761745875","75.73403277779745","59.508128729674354","61.56852012237867","84.07421069834388","68.41371916069896","385","0"
"80.57317969939108","70.73655192618043","76.85824315913148","63.254188738759524","59.75390112565059","46.27244950355287","80.30437731010076","66.71093035092056","61.97587127165157","386","0"
"59.07433042878742","58.140960107174884","57.92639513233627","91.46409160405946","56.81401757801969","65.94363959317512","65.31325558559568","55.12868643721313","85.53376387972897","387","0"
"71.44773094055627","56.4314769690786","67.4473873955958","94.73211622619783","69.5152045988421","60.13990624349023","90.20686605934829","85.8372581442412","49.17419701930805","388","0"
"75.25438274527086","86.77172875402093","50.54277200142617","80.66778122460673","92.33473461039519","81.74605053350983","96.30927051549683","54.128712232426494","86.98323985127504","389","0"
"65.6468883855887","60.07757064024567","73.50209416843173","77.9471936617656","73.59316512384581","56.233378963355236","80.0932191987413","87.00174498683823","65.77652775907431","390","0"
"80.63743249897068","77.9562674906966","79.35545913610478","87.81330664545172","96.27009684515707","80.72270506880479","63.91638402098805","85.51266771325602","94.91438528972502","391","0"
"80.92136247163106","71.49664397387319","42.60305205783095","80.02848218699246","60.86368479478237","51.06780999075454","78.86899247544866","87.43829959941978","87.36380396324215","392","0"
"61.980640641294215","76.00856653579825","70.26885660350258","68.1550827736017","87.82563318610345","71.99918341362469","81.16879151540006","48.67403583906592","76.30880016174959","393","1"
"95.08168497210708","92.37857846665109","68.23208812420032","89.03072830040387","97.26352774915918","84.9206013354436","55.000283228840125","52.87665701499835","77.80617759552744","394","1"
"93.78475792686436","92.507149261888","50.75738637162979","83.06379452000158","63.893390280796844","78.04383917274941","60.278673856769856","87.23202717096807","56.54455012527781","395","0"
"99.36403812298217","59.4951812146581","69.64064765576771","58.06873813999131","81.14499316195639","58.61985374312604","59.90611340443133","76.06498010340167","93.76823304257587","396","0"
"101.7274876794824","96.6904853706155","45.46706913212007","83.39028857866515","78.57970236859641","68.78512613482023","88.18274602543609","83.6914843815898","86.85597085128838","397","1"
"58.28355784849937","54.96003586555076","51.30205974244386","70.80338710896206","55.09827544372172","81.88054878730414","78.05839022344324","73.72486695679649","71.61488215600731","398","0"
"77.93957175791006","60.102202898928894","50.64523829819565","81.06760155510582","56.75103850398388","67.42289968579146","65.119219076276","84.69159418365594","57.67472177609482","399","0"
"67.24359271630858","93.25924686625834","69.29210886521483","97.37113595988352","54.2232420778461","57.87499110641188","52.20610728319201","67.95073288051812","68.28919124413146","400","1"
"83.70226751754184","65.02716229966434","51.62110597837736","74.47578592465237","54.181810096581614","63.26704945367162","87.78660755033535","82.64070226210787","79.27567059525533","401","0"
"86.01402929295763","84.14424856592322","66.80381979693394","77.89277853301121","54.21005482829779","56.89914495171849","67.15451132657303","87.38109750609335","73.53482276502918","402","0"
"71.19714573787947","73.43799703759282","61.324160528996586","73.84670499051533","74.96337451083508","57.14811376428762","63.43906405090566","90.2616029862389","56.283477821122275","403","1"
"60.732843694121456","85.29971519986071","85.12915240862017","64.98188849391943","76.52221296877883","50.318714850417244","65.01846153542495","81.65338298239108","85.47878101076675","404","1"
"100.95471179659953","67.2531298510078","72.70663727189185","77.0769474657111","77.83777985919347","46.03372889237856","87.61591369961583","88.55894700794182","65.44373314743312","405","0"
"78.26322687567335","78.35724828087707","53.873468948109746","79.84764784639691","77.90208557381592","66.77664187176288","61.38909119120922","75.13945229965431","67.8394852474543","406","0"
"93.70898557374892","83.27459098561451","86.32005773358722","78.8109137498525","98.58322783394183","48.04030185828344","54.28893418059685","63.39864986345621","73.10069876426459","407","1"
"98.09973179128183","100.55914327289415","63.978505288384454","80.3701591274494","60.02428805430774","66.72347822993778","96.42408424954259","65.73245164325876","61.15270199959022","408","1"
"72.5740662253088","90.23610246962178","76.64830713397303","51.94332201557008","73.37155702979756","85.47579997363555","73.40783829987622","68.8335188108854","83.1925939404856","409","1"
"101.10463960946663","96.565487923122","53.9096881345812","77.84754285668805","72.1150409322882","45.39715745928622","95.48292315201716","65.95872995333538","71.80413701317313","410","1"
"81.08856080720595","77.49195152234961","76.89179676325516","77.19831428286453","77.9861259438911","81.17783107727776","70.34960794252497","69.1698674300332","94.31274777246605","411","1"
"71.8265221896744","76.51770573569571","83.62740358768906","52.60038623386302","87.99145301418717","45.279332543469685","74.95232366871262","76.19890283773681","72.3232709978085","412","0"
"75.8254903863545","94.754313775051","85.76653304536089","75.23960496099045","74.93100594448768","49.1586495301231","92.95379401879931","55.54386487054937","71.07024291106663","413","0"
"96.55362489409622","86.31649880856506","67.44924487375921","95.29464001676766","58.36329397203951","65.73528657712136","70.54245722116588","59.06593973706878","52.30574134366324","414","1"
"62.33060831839808","61.15831747206836","56.705212358376926","79.73941515321152","86.8200565632819","55.92809991064516","82.58631659934228","70.69306116102065","82.18838942251212","415","1"
"58.24182483038376","95.02574627642738","88.67791766232712","92.68654586652531","98.64751340827574","66.13195193619428","82.97450935082558","92.45659866620379","87.68208600748538","416","1"
"95.49186455044222","99.32278411141485","67.49915882350844","81.6702384525401","97.85080342818188","85.97224625588346","86.3239502441441","51.91646539992364","60.17601920333792","417","1"
"78.16693589932528","72.65890166344715","48.71911482177872","84.85542400540248","68.43891604392542","56.2384121016085","68.13744027525298","80.72431209760283","67.61066515297408","418","0"
"82.95879655211998","85.75479752428146","88.89420976963414","59.36100015358182","63.6903316473482","79.00762955716365","49.175406979186235","51.71793076735958","66.90635160935868","419","0"
"93.53498640765288","79.44818595064075","58.332420989716226","53.7507056419792","66.891697264937","49.119474226915365","94.79228722956948","88.7287917790544","60.92037513342091","420","0"
"85.92491778057548","78.27494285464095","43.219840841139614","86.80985397209281","54.16350878600131","76.68182981589003","62.86524567206796","88.95701446441026","56.43526162925554","421","1"
"83.99110215368627","73.76935490351138","72.02403392222278","81.47310220506233","90.01987057146256","76.65522787962891","71.32304955833582","49.26502503775045","58.52005529879766","422","1"
"68.5541531219167","66.7420981640026","65.4774831982859","88.18714106332715","84.66146997680488","73.10595522894957","89.42935198842115","77.60861773882404","69.26471658909033","423","1"
"95.48343816648551","80.32488484069452","79.55165903223711","69.67091307833027","63.15751549791758","45.20831414776387","67.42192764812697","56.61393753922889","74.15743078208617","424","1"
"77.42372145332592","76.00576632864174","79.08932038056027","57.05480615033011","74.67232675182875","51.23018688701198","90.47014233727332","64.44465458827399","62.78545496110985","425","1"
"82.97078434818566","85.62590665836694","44.27627346737218","89.13435731230409","84.01831589205496","86.34599642520374","51.76069173930673","87.06895874557559","94.88748106087128","426","1"
"85.60560076699824","65.49934792396543","67.66620892293629","93.82408746588592","95.3601040963964","65.23595337798925","62.080761425746594","77.2369985392787","91.57409515093642","427","1"
"68.91416478903146","97.29690650698895","78.9766733755498","84.51393928890218","70.05071839801585","66.56091413133667","72.60899326899666","62.79608857894879","87.37434699130652","428","1"
"85.82990917488667","100.99023644738025","49.53586262921678","82.15145653734761","65.88994200257308","85.83054410929635","80.91223033088112","51.92313301885232","67.94762739862311","429","1"
"77.83155059724733","100.84550037543687","43.79627652627306","65.03692870686957","57.391099241748634","54.053636457408956","93.34511133462478","48.889729331270594","83.21780708498808","430","1"
"66.22220442946609","90.24355097141547","67.83914324996006","91.30651153094662","85.02826174018847","46.59540129251532","88.65606666365746","66.97281920411541","62.38926376810751","431","1"
"82.64438364259772","90.52999305463393","80.92853423222495","52.519026314376546","88.03748757065745","73.08947591320403","79.89259892129216","86.61278647897298","88.30734954061252","432","1"
"91.93688379187","56.73475578871249","53.247829007632234","56.27039865592384","75.57810763110547","81.35522045006653","62.2511953287793","71.99710026258686","69.5984346488733","433","1"
"65.78870289750631","101.17172668905403","56.15639006972094","97.72043389684983","90.80250929901362","80.59335587923745","67.13568792348211","93.02679975368186","90.96285254226449","434","1"
"71.10010239744331","66.77843606571531","42.19810869074581","75.85127239231242","95.81218829022015","82.99389130000216","67.78164189092837","77.08660474362189","87.4426431372339","435","1"
"64.06883321505221","80.61272694441409","82.16137097874561","96.61587345154342","59.86701709849058","45.22924530398415","84.90252013685837","74.46477144600253","93.69755844513583","436","0"
"73.10176287778155","81.33482002920485","87.59653591030974","98.41954339146486","61.08217249751816","59.82371610001853","52.12954403979872","70.91863345707986","64.70517226165886","437","1"
"59.592144704643914","55.7542393540389","75.68267600875282","89.76163218415695","77.08141778382944","69.938320047841","86.28174628251107","47.29957454276332","88.7194721396858","438","0"
"92.65146304092654","72.74570763533085","72.41269888513803","58.4673943088055","57.09772729988065","76.87783737254269","90.35519629500891","71.42495595947317","65.34472279409894","439","0"
"84.85498163289091","77.8101286488163","63.0169689975978","76.37113229238707","81.50201173956933","73.09336508794553","50.880666313002166","86.22709195468103","68.97824662660128","440","0"
"76.90447360754767","78.83878985824467","42.38856777491232","77.4708934249723","72.7402436866178","88.6168899364428","79.07158275745986","61.77300592029105","74.78776637198625","441","0"
"78.87223442582939","82.33338337123872","50.913367407967996","98.70540596709525","54.996609262595605","66.39915514973688","72.85546263271102","80.1399926618924","92.31335428321684","442","0"
"92.11524091763658","85.45819467364414","62.868648092127955","60.20817888119979","79.28164546844425","68.80955960697882","65.82423832487159","78.63484165903022","88.99810257111268","443","0"
"97.66021107576698","92.17083320776975","84.28071763597602","55.27545721132348","63.042909326716035","85.33231935605008","68.21939259282536","77.27709323829482","94.71784437801921","444","0"
"88.00372406251171","60.52177820258603","87.27260110357484","83.53493945009487","87.42690091837474","66.09792445154996","93.05318498125195","73.54438157252831","70.5154141580011","445","0"
"76.16604303526177","74.04439855308895","56.93296594825283","57.24964142549501","58.856834520541504","68.54470727816617","63.46050907542687","74.69147591428627","51.52183022839677","446","1"
"102.15548727943808","94.02743302080744","58.0717517770817","55.5423187356362","68.50987238597732","84.36944396148031","71.77220573852378","64.23564566912879","86.69728775461193","447","0"
"81.84892809105234","83.00104081908142","61.85967370767726","80.89953820670254","91.14417624065558","65.96580573057366","81.54593845134117","45.83247842732849","54.36276137704305","448","1"
"76.8983980590951","73.98576569616085","78.98302912184094","72.96431214344682","65.0730729603328","81.74307904820314","51.00682145650426","45.44802011996766","58.23605689209546","449","1"
"61.065728954711886","62.99328336779874","74.72791135374412","57.5590350508762","90.0608139902027","69.53894424177054","91.72876966999279","80.96466462030776","58.80531280174074","450","0"
"82.95236673273077","87.13176207108222","87.63654534586661","97.0235324670476","61.63033968939042","70.94296875754485","49.59578515883325","49.50197189879942","69.9161633974286","451","0"
"65.92674250851253","64.40535765255103","64.93249785754229","89.09542190127763","63.503829509181614","52.68176642498295","65.54098712860637","88.3999706411034","64.31275474788863","452","1"
"71.27355246187624","54.35836785233064","85.07833673623783","93.48648465753715","99.54625925727797","58.74685823739068","57.09553472449544","59.405246380305435","61.98743712225435","453","0"
"99.29428782526003","96.38256854075276","45.28357013146052","68.81122342688067","95.86915469894596","82.34063512104574","73.85192198808882","58.557323954343836","65.00033829567313","454","0"
"96.89276561919708","79.27116656616383","84.4442338177183","67.65320983989233","60.91518102186992","49.02726883878871","79.79550203967247","74.33174230402346","58.7654146118834","455","1"
"94.41235857979645","79.78061548266322","79.73668515060879","84.05118256444446","58.5689752119202","82.6737509686012","55.9175671385241","65.1406299100309","93.27840843384521","456","1"
"58.72337472876323","95.53998409579403","77.28940189390397","65.59437277984004","56.5502448500498","71.43770180188936","61.272696912821154","58.72564779037442","59.1484388422093","457","1"
"91.40278414486089","74.31750727651507","84.83385673505411","95.89795123565249","56.74970585604379","50.91206296909671","78.00576527141247","56.44188733958066","68.64531769392516","458","1"
"91.48678352929421","77.96076308492246","88.59866024992792","53.72341313397447","101.03286390564332","65.76711874436855","91.53557247477197","63.50654312506364","88.50047459043653","459","0"
"76.97284064106698","87.88998395340482","66.22404547508994","66.61922688387597","70.46401242141359","85.13640564033335","93.45029889521162","71.88245578566811","79.06502965545194","460","0"
"86.73359197703668","85.97843504579043","88.39978844391908","70.50264827310023","92.38573045246562","70.04987863848982","61.80765482712093","64.30470106815794","63.40651147451668","461","0"
"86.27937850483403","69.39299249220828","64.49816272402795","61.21812292881058","84.64549326974482","80.22990751514618","96.81920338616767","74.88533571459614","53.35199558526648","462","0"
"70.92094336672474","58.082792133174216","65.53305943372122","53.293478822901896","92.70554182500246","64.86598215335466","53.76813318711327","81.38610190807412","53.941824245604685","463","0"
"75.47188304511208","95.65680089220626","52.964626274909264","88.99686299098317","60.270636022947976","66.20169764158223","93.7527964526008","88.07511329424784","68.08824441138832","464","1"
"89.73880116270387","85.84268034513201","44.644158117123936","72.60477946948554","101.07681668740794","55.29551491602527","73.95227401188153","64.5647966223185","91.46694681178","465","0"
"66.94965801438417","59.18958245520758","78.81055850137052","88.60160489825765","61.902831592548054","84.59863186581616","90.44457612319484","73.77918548567638","75.64273510727593","466","1"
"92.46701712226651","76.94145678934703","47.859778517606756","81.50239977765034","78.75654234737192","82.07322779264888","68.23360591822906","66.67172578788478","50.32009311883165","467","1"
"78.68277868915659","93.40078512506479","88.49678896926495","83.53675185889887","94.7981257616042","50.64992907276647","85.17009272252245","47.50315870428457","82.44968083001943","468","0"
"56.60838272013976","88.54976817175874","62.372110851779965","77.3432513510347","85.44380499611124","82.22401907386205","78.49562991366831","68.4997286203431","56.10377265302744","469","1"
"57.89663564748676","69.28256743150736","60.26006321989304","73.24403500207862","76.03089548543242","88.3385427062693","55.833007388742914","75.64308620343562","89.83950310142178","470","1"
"69.78116268907459","56.06566064157173","64.69722742143841","63.79869297155347","88.95567682952826","54.70429711989475","54.84717215223175","81.04036424648352","93.65815165889006","471","0"
"81.58789112525308","59.78375523562964","42.92703634004745","67.50963685861156","89.54928500628749","78.09622268360496","73.52564991267025","59.9684340667392","87.60631048746396","472","1"
"92.9912216577375","84.20304703540447","73.96590822735457","55.39632939571015","57.960269899043226","54.94402636104148","78.85730611239775","57.719265807180854","53.78797390356958","473","0"
"77.99445488436548","95.65214346349809","87.00279561632495","55.25456658052838","93.50332590281728","60.817773623399916","82.50658321604405","62.35569881790416","56.47785414906987","474","0"
"63.2931119389624","64.25571427083818","83.47517662467145","58.70110447947575","55.57528208022349","62.538805009437795","81.90483690231024","91.47638441792394","91.42211066960893","475","1"
"77.35375022519506","75.26344348845868","57.46336250152437","90.69699534679151","66.07149069019528","74.77053146189819","77.42865091403236","45.334430534064005","52.52388317190188","476","0"
"87.29492003194845","96.73945896577334","47.01801227530585","80.41860236759351","76.11716792124517","51.945767308611615","68.77498402134732","55.253267330306365","80.74214729040933","477","1"
"100.10295943938415","82.49858214757585","72.30176930128574","59.933144057135586","82.98499814482801","56.268657674019046","86.37950281779625","78.65391849462118","85.53575094185918","478","1"
"79.75905830864617","71.10903303846408","74.12809303481346","83.10735063386473","62.54049795352146","46.32226512136896","49.57677676315752","76.70461502977103","61.68081322770192","479","0"
"59.562576605449166","96.43148632348075","85.58066784322921","59.75742281141423","92.32836406779018","52.3513718515334","91.4315544621211","78.2262925180122","94.57618745673012","480","1"
"67.21397049471109","58.64000084620279","65.04764481405142","82.0332400030567","58.68853052450352","68.34832244888031","63.82871140559922","56.47617430735108","88.012247026694","481","0"
"89.45115600455577","73.64893358426593","89.14364346210253","88.22376594216809","61.834672321403936","58.37121337009205","86.37984923486496","61.99705863892671","75.5877571972782","482","0"
"84.59931145009837","89.84234182154913","64.53933326674242","66.9560003843441","97.63340934768074","58.538704176602494","66.04900731007388","86.04257657615797","58.09459783405628","483","1"
"94.84567148539985","66.19890467208558","78.16180300663977","97.41419585668517","55.323400968501346","53.396272276414955","54.240590005160044","62.62813154117884","94.12689941360892","484","1"
"84.41464557129513","68.92059537777396","75.16122277554638","77.16844841386873","88.26736070913522","54.27623740921755","67.79037094871377","75.48222672293609","58.38439215189666","485","1"
"93.47672455733856","87.74935092525719","66.70403593213386","95.59884556152807","66.11283565532007","46.954100718471736","86.44864562535469","70.74160931785651","75.7179363321669","486","1"
"65.27445210343129","77.6806210592758","42.64142891673269","71.90653985222522","70.34627306670099","77.59850719608765","86.95356982981114","49.407791206281615","60.8381238260823","487","1"
"87.12350599447221","96.01341899967483","83.50746212022577","86.04526414151651","85.74065368678254","59.28416492429673","71.02043774130898","51.099187520287735","91.61080551582073","488","1"
"69.31062558157831","77.45517536654167","51.00639866587143","79.92285151276482","74.25723680285094","79.10675156094578","79.68393344121232","57.146253609935236","61.33457203601179","489","0"
"102.31673368154698","58.68472755450006","79.429582413966","80.95403071940515","100.15751353057985","60.583202771423245","90.41944950994656","62.822147275056686","94.04863316890109","490","1"
"69.73557668114468","72.86437696262513","66.16738493376434","54.37313062170111","73.87060662955804","45.41930464542989","75.5706261254775","70.13077241792585","55.64096024059138","491","1"
"72.74006110844918","85.06608265952747","72.6910348352044","97.90699903369804","84.39922262783722","79.78044079169577","52.40255553555445","49.76942640267036","94.73188162370833","492","0"
"76.52466200301056","80.38263072320945","72.03294090707666","93.8643509769854","61.456806322776764","74.19686289800106","96.9235039543991","90.25399153096528","71.55412514604114","493","0"
"72.61246718692529","70.87922285682323","45.657291684654766","99.54735489382765","80.838105965437","66.65126626467428","60.497061977326005","64.28976529380292","69.91773393521689","494","0"
"69.21284667084116","81.04558733052075","44.96833640847841","91.41474967522271","89.91666856271524","68.87257506193536","66.08928921081186","62.521013245720575","48.66526147770238","495","0"
"96.66933297438497","61.88030239064267","60.29709320190234","91.49246786713508","81.49967179785097","86.24978434828395","63.894572483440356","57.114177338793816","81.86887185060681","496","1"
"64.58111415893693","69.3955950842354","50.49702715127388","99.1057683855739","64.01520227240266","76.83484420307725","70.76733275778653","63.4034333818905","75.46391944805701","497","0"
"84.50808127639074","63.89505179501336","56.19659147946395","81.35472875941218","61.27128329328825","86.42673885701981","72.04545753792684","61.4152927135272","70.50997659408243","498","0"
"68.68946388596858","80.47158975412634","58.240543777482415","83.64378560269338","60.57498638926967","54.023809539178465","80.60012343270428","90.1091895950146","73.69687427063535","499","1"
"55.772874720931","86.4507641475427","81.236342260245","81.89931756423266","65.27342442330816","86.00435410779126","52.5557890893809","45.65861196952371","76.62245849289211","500","0"
"92.18015652578141","60.26350291629784","82.60085110920426","94.04270015126008","93.52601597527519","70.39854513433731","50.003998637625266","56.441725883399734","69.59681026828025","501","1"
"93.82947812808725","74.93690665022697","86.65000251863226","94.10968881187995","90.75998956272178","90.21667343736733","76.40552045614719","59.63519802573416","94.9634214585917","502","0"
"99.50623781809463","89.91181821450277","69.98542516836328","68.02745221460309","93.56958676247253","46.61542946159878","67.4844181036088","58.63298793909362","93.92588527111245","503","0"
"101.20055969891766","80.82204671511553","53.40716932846384","78.73805196386971","54.69293832742864","59.15212299165799","53.888214954282404","58.14718473019173","79.84628121158596","504","1"
"59.72461097982578","78.04358980985833","52.411476616015264","92.2023601062877","54.59221374376515","72.90826209342687","82.72874212222914","52.265613041197874","88.10444511474181","505","0"
"71.46946529858701","98.17937046929754","54.16288498060622","93.13445581051471","78.86130771808035","73.11181853277817","69.72114677696098","71.02549767597246","50.817917510087064","506","0"
"98.9082268420096","100.82129068185813","71.75728004044689","61.064546515889276","99.86720371344614","75.5042032872666","82.9695178574646","58.72126042582949","93.16568598080657","507","0"
"90.37903946887197","57.66318993063193","65.454076192176","66.49562164878513","62.33699977760954","57.83151910117995","58.99312803281786","65.81003896473729","86.83464159391657","508","0"
"60.39455703142515","98.44871474947533","69.02499914788889","95.04477349075599","72.8590757730702","86.50453947315619","51.83418853265956","67.97944171379085","59.239192457380774","509","1"
"66.39185928770354","58.206699483894795","73.88916348550323","80.5549589317801","83.56704198534834","88.03554248956873","52.42533930273152","79.8111189889689","67.97249671432851","510","0"
"92.35358441422956","68.72159369354782","85.56151110938073","69.43833745344496","91.3333261753298","50.14872520819027","85.93698649443449","53.33786170929567","82.01466916749077","511","0"
"96.76271891866182","57.38223810452751","84.46671495646846","63.091612508742585","93.42454415752736","53.59049374014654","50.29577400143751","83.25848993383217","79.23127504829358","512","1"
"98.2771903597801","102.00466692227441","55.88534558985518","66.33885434737672","66.72205957612333","76.14665041808644","83.47049208479773","58.23146535071737","65.4791350553167","513","0"
"58.75106081344849","92.8446175300922","52.864439230595494","67.26263393711567","59.931333341660086","55.09090113923252","70.28777549060295","54.010679338851645","54.12827459298306","514","0"
"102.3842049882042","67.30141858135785","44.04066515706485","85.13998332570429","75.74104159992683","87.72061736418259","95.87515021235687","58.225629472605185","90.13485562400857","515","1"
"90.28514441639653","82.76282942075596","81.1443073536119","98.91363854700182","83.11187024590409","87.9462911205932","59.017454402305155","49.98188961561482","74.72609361744769","516","1"
"56.31551485418747","61.44599537137187","54.72895969126917","75.2784160079502","58.84295765200893","74.03185325949998","95.18950865130692","62.845593550861615","85.59096356201819","517","0"
"77.307337577236","59.39141368251803","69.40341872595316","75.24417688121268","53.92832146652454","73.4620573121925","52.06989995613825","64.55278647392868","78.44753262449608","518","0"
"81.68337285164057","66.87161505543602","43.81067760117908","71.22433698298961","96.53171619740924","54.11028299834169","57.33686326604569","45.4147300148884","61.73551567976925","519","1"
"64.2939078223827","74.52007223003832","44.81542012093304","66.01323765475952","100.71578033956551","75.60949213082027","53.23184974858026","83.83528473848725","91.92522009889409","520","1"
"73.2542654615015","65.68855167956261","47.81521920271366","59.58176677317471","83.01937267600134","55.424955288538314","81.43158696250147","58.25322215846972","69.82291123065303","521","0"
"76.45341133244212","66.20045738641943","52.84935870655876","62.36208306132708","62.94167665296165","63.53830378655819","54.801147383317975","66.81076583496171","94.48925990476529","522","1"
"84.23037020918481","75.33441380894305","66.66527634584982","60.967005493142125","95.94255785801718","67.06773253310882","95.36634991995113","69.35571285408403","61.23738890253643","523","0"
"69.11035948330446","89.01339573291983","42.93520268824514","74.01304216022962","64.96596783824633","44.535484452090174","91.73593347437973","89.61309499462469","81.77577888229177","524","0"
"69.47273907421462","101.56265251358897","65.4697469429359","91.24257314829697","64.78432110729965","77.28791375341662","95.4152286125358","63.35297343701641","88.56150495520194","525","0"
"57.24420890224148","93.75994746527005","78.07222850874264","93.16107779427324","100.27164923690631","76.88811707285258","57.723049594727655","47.846986345122964","50.3536245290439","526","0"
"61.34864543607284","82.93856577531169","58.2770468359779","53.22288747558785","94.66923139378271","81.03176007921829","89.18081087128054","61.03619446269014","84.03917900603862","527","1"
"85.99574372848674","93.67300391504712","45.13933756482116","71.9124547317577","60.17376721002427","52.35157275967798","67.63753876246099","82.86267454833599","78.79214607563411","528","1"
"63.933095166281234","78.44673286788415","69.88136024017287","72.44119042686272","99.89400772005457","58.68159050866001","93.30561986157639","76.89522372837642","70.69277624996802","529","0"
"64.93649203526826","65.1141650465631","70.10488567533763","70.37847964284403","65.37219612395752","48.41556326101378","62.301783556763674","76.23655237939573","48.20791334402896","530","1"
"102.52616719002081","63.24620452645536","87.18857606657666","70.89219076388258","68.18355278416908","45.57416039382992","63.30243942811387","52.44518474228536","93.23286816148884","531","1"
"68.23992077318042","90.8230236671142","82.59458971170197","56.004643976819416","95.52334741849333","51.381634090130405","78.11696280562803","88.02567107780625","48.85162478773326","532","1"
"78.28040659318596","54.882409071679234","57.15948700561019","62.23113063911996","61.83647479489237","45.16593892568228","72.75538018685361","74.92623974011242","89.23514664548016","533","1"
"83.3128978807632","90.14883481169383","86.08197173383026","95.95976541718784","69.45054477216887","71.63147851439066","78.05845791066307","54.31472357570489","80.57802552677371","534","1"
"95.98728498024757","86.79772814350707","62.947822776409865","89.76102745111365","75.53755651020398","87.3511662408488","67.5131154005786","55.10844015626143","47.69826621644777","535","0"
"86.62799042792498","71.72460811091445","50.24981548726056","87.89957468640823","98.42745257498261","74.70884436463118","50.67090801159045","70.94244066825605","84.19834817730522","536","0"
"72.851620031107","71.42452203165395","85.96623848226169","96.2791327802995","56.584269517226815","53.72767295080429","62.446560395623585","63.60151233757252","56.986907432406724","537","0"
"89.0780860528566","101.81882083211468","78.72497103711093","75.44519156107529","62.677808583195215","85.45368597030536","74.04861534825785","82.06082653168457","66.90308726772203","538","0"
"59.509727453773635","74.1680105837834","61.94639608362307","84.43608937313003","96.60414661838617","53.97684070992122","56.77116397187461","61.66565671849724","67.10630075668958","539","1"
"72.8391346232844","72.527253560765","82.64542280505363","74.79291025852623","94.8890718988923","87.44645803015418","55.522458596297426","90.94150337265366","72.24270227010247","540","1"
"72.92561468096663","79.60230113862653","47.613771992977945","87.10279624397404","69.44265255409381","74.14854154958108","96.46593622372257","83.26589570412962","76.84764583203405","541","1"
"64.4697825102425","84.06066009813448","77.84450565710877","68.72393640194159","80.19028194632675","76.7739117870615","63.129613341045726","65.29365702079983","65.51394246777024","542","1"
"87.04603288291092","85.01068771917258","52.231526822091695","88.69579599250505","65.15256508363282","91.08279381778367","71.69790235837887","49.99898121487389","69.96037905372442","543","1"
"69.71508808783231","88.78870352162807","58.83530818377503","95.2879294159517","74.84292668623385","50.868870843703824","95.56813624760345","51.42199404865926","53.32346763508459","544","1"
"95.56810002659086","62.17515703813146","70.68297240176366","81.44153269293155","73.55338091236705","82.70761661484961","89.00400324986147","63.628460457174405","49.66477017243383","545","0"
"57.53387080034575","98.85007967500799","42.16428889828025","82.59854835501366","70.17098181484457","63.231268717654714","49.76559038609136","80.62049862899975","48.54958882125766","546","1"
"77.93322577057567","81.74681305938967","84.02718346745563","96.21296045192159","85.3374431250268","56.03165014907887","61.57780954824841","52.80194010916429","51.237495972054745","547","1"
"96.07159122533324","67.7579294018912","47.926929807860716","74.10249332481457","93.57087730176613","57.99993546285644","66.72353623153184","88.60754823657446","65.32230774503056","548","1"
"62.43909942304839","78.0841504505884","52.621179003843","92.0663842864252","74.96535683728331","61.77625326143833","95.21206651414805","79.68388372803604","51.80341982250243","549","0"
"74.35482297685003","58.69259581171161","61.46990179055982","65.17063025904808","68.21939528728997","80.60473934444299","56.83878125419862","53.45789029565824","91.80353367052403","550","1"
"97.5048009874444","95.05735775884679","84.05240236405052","74.38228601901119","79.23231280665242","49.30111148513932","78.61050034492374","52.47087389188988","64.45831397092108","551","0"
"94.49023421317102","74.17677947268447","64.00512379533419","97.48305521482408","81.97880767047201","53.49045537500299","93.81331463080848","71.92357883188173","67.94725271236769","552","0"
"97.95404078797213","61.1070200051978","55.572806375721","98.80236849681643","73.51862839228974","79.1697315123072","78.15255831052734","59.53066926461542","93.68373048227586","553","0"
"70.86718464747453","75.50897396362015","43.19695871408888","64.64622069280053","87.61176252363798","63.0476780531271","89.72527287124294","92.29498607191186","75.22862903689895","554","0"
"99.45228755493608","83.47885579910655","47.65045792997728","86.36632696248515","93.19587571271006","85.37472351820311","93.86593387111705","68.24564233590887","51.03194922443765","555","0"
"76.0013867667597","91.20792256091732","43.5611114227234","67.78204481482061","88.13241272445917","62.68235019541105","95.96179952203534","71.07925233915017","58.828002925562394","556","0"
"81.60818521325639","73.18580168229369","82.3259985893826","76.4625543606327","67.44778547038484","55.21693341976206","50.19656712798692","65.5692247441499","60.48407404925595","557","1"
"92.9964163782669","99.76085210795378","45.90438889159353","88.08621884895092","57.904015966413645","62.295804364928344","65.06634973681948","63.99492478924348","67.23815389751275","558","0"
"69.36466895096997","55.46210803697656","67.64869020162087","93.72828609855311","69.7420631351774","73.84485901891938","68.05895896709978","52.05789328044774","94.95004243532445","559","1"
"95.1559821406337","93.52346909928008","70.86245754742963","54.90428597560652","89.96469296018498","69.34828836867216","92.49163536700114","55.65317269658382","86.26554729053234","560","0"
"81.26779594303714","61.24004324250439","57.913082267762675","87.00102556810273","62.946339226145284","55.616602679630205","70.39330107946681","46.927711370809504","91.03493492859752","561","1"
"91.26654455810583","63.89430149916266","82.27676376730842","88.35949376269106","99.73651761982659","91.08047977973958","57.419674279495936","82.3994714065891","81.88976972344842","562","0"
"91.05917918818828","56.812038002330766","57.38514771079667","66.57016665733258","62.19305094040466","45.87114344810131","63.00358640933571","86.48984573624911","53.97423869094811","563","1"
"88.3278676705002","63.11843501836064","65.69775197974012","93.33995477622767","77.48851865280986","64.80485372050435","70.34612698477979","71.00333028680411","66.79817011539113","564","1"
"75.41860093069612","64.8539968201738","71.76068878128167","96.15476764239604","56.63680931921568","59.39838846648301","61.533623429138366","81.14649977748932","50.129133233036825","565","1"
"96.93478237805714","92.31418220362994","57.39020992761424","88.63481661436106","93.22114018753524","53.55634255940113","94.75757467858595","51.095251311474044","58.005619471251336","566","0"
"59.601899571619","87.742278358094","57.76616313063185","87.7644837634108","63.9040498848373","65.71521853964893","65.04935727401366","66.51948536168102","81.2633727684489","567","1"
"87.68864578121908","99.4292766248714","51.44986666036202","94.60091170805207","95.73914730509048","91.69182225976644","61.09697705360799","65.53913894846998","87.15377800769463","568","1"
"98.48055400721108","65.64848331114969","64.64446330722724","54.54215895552371","77.38626894871476","55.207614132218","74.21069667674865","83.22796467200209","83.35360519330216","569","0"
"99.13853984891826","90.07970616423717","73.41255728459844","68.30595036418603","89.56589385818788","56.19082764713897","49.31049988942422","58.41884091982696","84.58421550402663","570","1"
"56.13886107326242","75.14023715753024","42.7311314795714","72.37495633052801","91.04739953244231","70.72762036055055","86.81169755756054","72.38775205069085","81.41382986936158","571","1"
"66.6293468312746","55.850416958366196","52.252707859728446","97.11757236400594","58.440733909492955","72.25770468650681","77.59119769053906","45.377701858214174","90.42051966173038","572","0"
"76.55271531973321","56.75425030100969","42.99440543249304","93.2402100042787","96.40152823762317","84.97604340955196","49.53071552455503","59.34772165367176","59.1797443874887","573","1"
"88.70166624665491","67.87565509541423","71.39665238707168","89.76213879555768","84.93721591266844","89.96737980871593","66.27005477916815","67.33800155486306","70.67519095009119","574","0"
"77.81707170692887","59.31876333090969","47.56964206019646","78.56168992459565","85.2864349211772","68.92478816313725","96.94880551882132","74.86751440849498","82.50342222509467","575","1"
"94.41255937744548","95.61250421581786","83.93280923039333","62.38357695790271","70.61030237884242","66.35497986864719","76.02515629284726","91.32006929859","75.52686211895012","576","0"
"69.82106658799722","95.13487773307398","66.02195484921604","62.462093798535136","62.92335627904092","89.92568778247457","53.36884719507154","48.91549981185573","84.2119224383038","577","0"
"92.46579721001395","62.47086830696886","41.31469425227546","96.3127397374262","78.7541391684611","82.98046932352744","82.08281518391311","81.51491696410669","59.75201132670519","578","0"
"93.09815466880754","68.89385478317855","77.9062344955344","60.4610481331484","55.75730709718644","89.51842397932221","91.8535458243141","86.95321038991248","85.00663179931168","579","1"
"59.64567924817287","86.26521898951111","70.8953238822023","61.20604854958861","61.54561500641534","75.00379063939184","79.40999269052132","77.43391528599066","59.71862580472996","580","1"
"60.00398206407779","81.11484664755073","43.422863702296155","74.53099231720046","56.98684454899228","67.14388631046334","57.08077620217542","47.278628070452086","57.208628217665535","581","1"
"75.53389393597975","77.22471751021331","68.45752777207132","62.80198511317185","66.26444511940606","76.30069101118092","80.58842585918332","55.60628882966088","68.01513553970294","582","1"
"99.63278206967838","65.4407596898672","46.338742780825385","93.65216088929694","88.93952917483358","83.34777904315453","65.69361187051517","79.80634722300879","72.02366357138723","583","0"
"101.95455931333679","81.01601591248819","48.709444214232775","70.60418697989637","88.98256430266491","46.753026448840814","89.87530998539923","50.57960857577182","56.559681893950895","584","0"
"75.75542669224309","69.13987853654734","55.537088493907376","65.73919552105198","73.15572160912507","63.58939665075074","49.221442097539004","76.48235506823684","84.14636751790012","585","0"
"78.07870196478466","63.94071626026984","67.32276839547801","72.34899532888781","56.16139326902405","65.94112956797512","89.84108274174629","55.082143807509354","91.121747560627","586","0"
"86.48573167066706","87.91933798375601","75.88583375295245","83.5583227192266","85.95898669928535","67.2825029830977","66.08717062374929","57.125442531613366","82.28477826471153","587","0"
"99.50646419370497","90.4438354260684","44.479765022962155","98.81609696278255","96.51561332916347","56.8893067858412","83.6493766548778","58.375114333749714","67.50031368855487","588","0"
"70.72384817624587","92.38895370127628","72.73519088666094","52.73253358872739","80.91631427233298","87.2715957191288","75.22228263647041","89.76970910115433","47.754049522813986","589","0"
"87.87619543436712","101.0974109356212","63.45563888324412","74.6620438896332","66.70325275927031","75.45043835043614","87.28905421585674","75.94502005159642","94.61015057624972","590","0"
"72.81389590043835","99.42861877071735","66.2938030304175","78.06671782796552","94.76119083949555","64.96815263299548","78.00032822384905","85.89445814210275","79.71137644328603","591","0"
"83.0700472838951","81.67921073773024","83.22985425777975","61.41752060398566","72.06753011246957","62.33685800968475","65.3243584878195","53.87651402771043","76.89305436297063","592","1"
"97.99340846412828","73.91377396819513","81.99045315876937","87.035710706553","80.29968707699139","70.80287806906668","89.98221371668444","87.9733339564818","66.57367942378424","593","1"
"69.21972530650224","84.66416345917165","88.19853378190147","58.56598641460642","92.57375558742801","71.9124016824263","92.65032644704714","76.75009852299377","89.6265643715016","594","0"
"89.60454401393189","55.830337996222205","66.66781144155591","97.52793471337674","61.009290872768595","49.24972688590364","62.23551667093535","48.013603786251934","50.53239356381666","595","1"
"58.037268289480195","94.46077698250446","70.44731632339128","53.20329226770271","97.36349285530608","69.10086498606917","64.84301003435657","80.54125471864747","85.03400531649187","596","0"
"70.17223717104262","66.32191459561699","59.303509411163745","57.636068451509665","92.75740493006998","45.009531394042924","82.785496216727","82.12947876110796","49.1044146702468","597","0"
"101.7228580583779","72.60215292834468","78.44973202829294","85.8030283468596","56.59557700417046","45.894386567007906","69.56541229353327","55.31419051122175","79.7442051336831","598","0"
"69.36555237157181","63.52709894317617","44.94974821458034","80.64186355346182","74.21315659551965","48.588909052265585","72.58118276307582","51.754979719528826","52.30997668143146","599","0"
"100.03018037911822","101.89922184585278","85.62581589868365","78.79856881357543","75.76468620447321","72.65467129541162","55.94155720069395","90.33582887516413","48.411971958403676","600","1"
"95.04121573210982","58.62025756149451","55.19980305562116","88.2447097026612","97.85772260164391","86.12428885213997","77.11913558543483","72.71807397630671","94.90067043000728","601","0"
"97.3711481173603","93.5171853460718","62.096196439496765","52.25097347060913","65.13324170662881","49.6640082614728","83.10953340347727","57.62087163337491","58.65571729632059","602","0"
"73.60458316554332","68.92432497231808","85.66053565311277","87.1831461198098","77.56559385512743","63.69707239186441","96.77056525102849","62.21281089428246","88.0300947444467","603","0"
"55.245067193506245","101.99303727710674","41.23606562713802","89.34634663242949","56.41559415210962","75.41641808004961","69.9641310962232","56.38083489562289","48.657573584765835","604","1"
"91.355533757966","87.99632676664424","82.62312195109364","81.16150376396217","65.21616665234444","44.91348339213248","53.67982999387935","88.57407200325382","91.21458348607152","605","1"
"72.5103534766943","98.05956293268623","70.52437460695033","91.27791207831469","57.42267323907618","87.66017466854488","89.70712031122173","87.80788959520193","49.59621382080507","606","1"
"97.34180866262606","76.92811827368439","88.74825193920401","96.8634445591504","94.30121539510101","50.5810475214694","95.2674678909345","66.97964784395414","63.59687345552646","607","0"
"100.20547563962212","56.90475094582279","76.70804002782285","67.60190201387172","101.51939658905519","63.63687055067501","57.025676593594575","59.71711911593827","52.02848739529742","608","0"
"90.89331890561675","68.19025601369381","53.564019961874465","72.55390511474073","55.67384051073788","51.242989425053885","61.147617003144575","76.45841203326063","85.9126909945254","609","1"
"93.7806444669366","69.23665321134273","83.62318880317078","76.35308685005339","83.1230987322146","48.9589926276751","49.85886841716502","57.649928548549134","76.3744273500295","610","1"
"79.335670471101","69.40631531172994","78.80578733069287","82.72122466069013","71.98781387579047","51.070577281248866","88.61328399558845","91.49520710817255","93.81596092099355","611","1"
"57.18505293703501","82.45391928256211","77.1431787935861","87.55310531768349","75.68087629341053","72.34860673905398","85.6606356906929","84.22305157241713","50.81374826678065","612","1"
"66.29028207319222","92.22317609197341","69.62522776381773","68.52852848149581","74.75528847566471","88.54595003004552","71.9671457470587","48.31370948956567","74.5509612095686","613","0"
"93.13709361835556","68.27642219397043","50.06017863333015","52.75441464289926","91.9693453021105","46.99158275200645","56.99748392301531","91.46246816259575","79.09613133510972","614","1"
"82.24818794189353","73.60923213163146","68.65965371070779","69.7809457382644","67.6444496436934","73.6130011999967","84.09363758573339","78.55342542049874","61.09731010966398","615","0"
"94.67545428193252","74.10745336765844","51.74799779422675","99.4509609305748","82.150538328516","56.99331248402356","69.66787306766713","78.32648284263347","90.35633883086332","616","0"
"77.24307502013654","82.93600074757106","41.59932126679867","92.89708346065267","93.64492406860155","61.409816955209024","88.91128440558782","63.09781765600459","94.54226918565388","617","1"
"95.1703604431706","84.52052911806675","54.24272380409245","98.30669469098336","75.20550019940312","60.430591873197045","66.34599381671282","82.65756485714306","89.92153044899645","618","0"
"74.46016133031456","80.63900171109151","60.52398855181809","65.14569667853502","55.091882299282005","58.74233085254984","78.58000188290164","80.26417427228002","84.8847826277791","619","1"
"89.55901737686733","55.23952013100888","41.503387695737985","89.55832750716982","66.59257907004765","68.67747650871088","85.50357224102588","87.34313799609188","71.1129979246303","620","1"
"94.31669950576226","94.92667839459028","64.12835393385932","91.81040859652552","83.24720912233767","65.61794166697412","79.34299471994936","49.092806299587615","58.406203972513325","621","1"
"90.23561469644551","69.97906688227408","55.2563113360243","61.69495929383967","93.53270788915566","53.35480961744344","70.7928883971883","62.82524875465385","57.87618702584836","622","0"
"67.87973198435834","66.44546982880347","53.08075137276175","55.53622199661217","71.06434749145392","55.949401405471306","80.79417272927022","61.819584532365404","54.873467774366866","623","0"
"100.29616521682024","82.91959353909711","42.172844801713865","65.98206823545678","66.34598406117945","88.68105052825628","60.57053025930442","62.27282628391654","70.55799633681792","624","0"
"75.53791912548523","87.65037911524811","45.79487003439351","83.93255021002079","75.84907496027634","46.147950642653065","56.876893941867046","51.86988624621704","57.641545319068115","625","1"
"98.1791444069343","97.06177971157435","62.73631958959102","65.39893361838455","63.9175392498373","67.01388472979018","65.5012885653628","82.05793795233097","57.08105152153317","626","0"
"88.49420337340759","80.06908067535551","87.12040531624807","85.37425042568321","94.223243974428","81.26479588437364","70.62205339215076","50.18863955681833","79.5250864838804","627","1"
"92.26882451396015","66.08277016100212","87.81426822676387","84.37186183676542","84.34914487338264","54.41149259570896","72.28388210939852","56.329105512104256","67.62606595856228","628","0"
"74.16478966528042","81.14319410608825","44.38255668231717","76.06877360069787","68.92563855163016","68.28040549568264","52.28510548036731","83.71130592696544","92.27345245110847","629","1"
"65.54699190250295","82.62256954527355","48.35367888937313","73.55022205898022","73.16031750684722","70.75997659262207","64.73180964952314","73.65833747995171","81.66862315419355","630","1"
"97.12501155888445","65.10944344296992","53.33597648648687","95.4963458747484","95.5185348796503","62.25566132681405","61.118085863436605","63.20901443191416","67.5412522825337","631","1"
"76.01251788431951","65.45743810782913","71.92376281962589","70.55169323744805","99.1108671804157","48.54239023752317","63.914638943597","54.53697552833118","54.91634733408514","632","1"
"69.56541488865894","79.82932685333884","89.13540955726789","65.17201890867746","69.72624799387012","54.90856340095141","67.1024555244871","56.81867540577658","50.938679149414114","633","1"
"63.315971010071266","77.63074369813735","61.867540466836445","79.44784495929062","86.71280572909012","61.06950977561284","83.76678032028953","86.88518011640546","85.52674651294805","634","1"
"73.03503038751205","75.1386233250811","43.95190120124593","53.45537269923167","74.59477297210505","90.7405120042979","82.92897850016183","83.37814074299737","61.34399706466513","635","0"
"85.78432938020158","99.34656597455981","84.87076102732466","62.32924763570961","80.61926431554267","87.59413326560903","92.19394022055589","69.99550359032203","61.91571882389597","636","1"
"87.81501590993624","84.1238284075684","70.71928906840267","76.72928345093692","78.93272908973054","51.95571723649032","69.13178310689332","48.920401854714726","89.58989900989313","637","1"
"69.72389266408668","71.76497438531504","49.63763147117233","52.0106611371555","64.50872835301683","59.227532767388865","62.198360560939285","78.72866120380799","78.87814248140876","638","0"
"94.19956602144329","73.9142364138343","82.99405076161246","52.28195957896451","80.94126295532038","91.87704820860151","89.63244778914964","51.89583549307682","89.73688677351275","639","0"
"99.31906572162156","75.741913049622","58.784661627626704","53.22994273950482","53.97404655866774","68.66014528363336","82.25533609345177","80.1640034400207","66.81660465173259","640","0"
"87.364944104082","59.60915144774023","84.39890459264284","99.00146452171793","81.50299690979895","87.20516610185139","76.42857823921943","84.31843101186602","88.9268495739135","641","0"
"60.376055030427366","70.97888580397995","56.115408842261274","58.87609033429725","101.12221412436814","48.27195208642291","66.19462614044961","73.64290356460059","66.87222705299904","642","1"
"78.25069265890728","70.65340991852844","76.24759381783065","98.81668627312044","54.85534861416173","78.24417276339774","79.1725394184704","46.05318554655812","88.1230724765917","643","0"
"63.02216230098071","82.29390882214433","69.8513863085219","86.03951883487937","100.96702373856365","50.60815986769014","63.81431150591588","78.59728360921359","86.35564354481353","644","0"
"82.21386538385069","75.94715130813573","68.46787235633384","66.98164567649849","97.1379075066837","80.56880674171411","85.369420586249","92.64837021318293","55.408913215852735","645","0"
"63.330037438870775","69.37049106728703","42.36813328345255","86.31468895276885","95.29283013887866","91.04232446785393","62.930949575583696","59.95908569794431","90.362350657407","646","1"
"96.52641868974081","61.14223655374366","41.84205097639108","52.186297209579465","87.44255628963023","91.66060186634412","65.47475392290141","63.333341832857805","79.06509852200826","647","1"
"91.00385547312301","84.91637987775812","42.02518137346135","64.1752985634049","75.60876210285683","52.17532031483692","84.0975803796194","72.02807606440099","84.60231859188194","648","0"
"61.027365201339734","78.80322317571071","86.60054435533122","95.28798698559058","81.64818340677988","90.3199678828449","74.44124020358534","78.42817041368232","94.64288649808493","649","0"
"68.46898650318805","71.508154070969","65.91356131891489","54.36791974917649","72.98114802486123","75.53110273323149","81.5590815245446","90.48801423586036","48.80333543765625","650","1"
"87.77392280612283","67.70430125105341","64.04952736776589","94.57450032192509","67.22503127119133","68.67686445855402","52.78041901701289","87.49528624785673","76.50162556658927","651","1"
"95.61032104364548","82.46554616347909","44.55519968858208","74.3013603241086","81.93363732877293","51.278480653908076","73.58886389324192","57.18198060459734","91.1980098856815","652","1"
"59.659260383034194","63.602314584146555","69.67283323649626","57.59981213831082","87.89294229602582","88.34289975368704","64.96809621786207","91.06027519938846","85.27780091364583","653","1"
"76.09253209627387","97.28786808143025","43.67926381123132","59.70464719466655","62.57236601053763","82.58062350894122","70.06680450296606","68.1578774912267","73.17957511463008","654","0"
"66.75662273026784","68.1187077152696","80.37171384921206","52.12891202883066","85.644143013409","56.58572707550483","53.58270815463781","71.0266182580322","50.07932901853842","655","0"
"86.90961498638501","98.10858549034504","83.8383862622422","67.49875153611869","57.62806006004554","49.98565891145688","69.36387262096373","90.19874433790069","50.216860066094895","656","0"
"63.94999827025475","69.32296760045361","55.314135839042194","58.8876862491172","87.58683084015489","80.27059951422926","81.50741495758388","67.20946497284018","58.21466893688579","657","0"
"86.9781830687523","76.92552048316249","42.26941861598755","77.6692124542134","77.75040535304942","69.8279375035384","54.80205994048403","50.953011827000914","77.43947743679841","658","1"
"85.98963531951951","79.49405713975872","68.05825944727405","78.0889468786932","88.10403686736188","75.36236514312758","68.15671325575515","51.38556008476217","79.81649880665593","659","1"
"89.6938756758084","55.0665872961119","79.78429204086616","70.85526154477905","82.3642395838944","84.71021972512891","69.043662214519","72.5267538836316","57.158123547546026","660","1"
"92.2653119840995","62.4192644299357","88.36720701145964","79.82693327106978","85.26434224742698","69.78303101275074","63.726698921783324","73.11491302885116","56.23384076976007","661","0"
"86.96039764042503","74.48409089138036","53.39385684453285","73.20326335402989","68.12416318439973","88.80332997829504","74.91250006448796","49.741839352348514","85.78741983362382","662","1"
"55.61337136480893","84.53082682689492","75.8853072695018","84.77053730339227","85.91487892925338","60.78976368531046","84.54013368107323","86.38057915971034","72.81096372957394","663","0"
"56.84831260361365","56.71008259633322","71.86168716953416","74.99981394118826","87.4420517083668","62.78142013370332","90.63278488514463","72.19552629256633","73.48408464665354","664","0"
"101.01772726293524","91.47350775969602","78.94398722647027","75.19758354373779","97.27023782855444","83.24748846372923","80.43838346258715","80.64315097909964","77.59192754519373","665","1"
"102.45429405145919","101.34287467580403","63.30649323302768","77.28664898688615","80.20655029386107","89.60009824354678","69.16248879250956","47.81479443526166","53.491812695871545","666","0"
"71.9698377033311","64.0232406156979","42.03984347734898","79.5648693949151","87.6442175750062","82.98049802966456","81.9336878996112","52.34486372677607","77.12890176095222","667","0"
"87.14256703228983","78.67789686162538","53.3453093299906","99.24730683288963","70.39341042422323","64.48701478513867","74.70166098047169","79.32075792588937","61.0742436306592","668","0"
"88.57853660392841","93.34938057465627","44.55618619028925","53.446863572019915","89.99736034337025","88.73924579144445","54.077348529659474","72.69964315266041","80.69380260000163","669","0"
"66.99797172716178","91.08516236151175","85.77310956246087","93.39383301756851","67.19192340286288","48.67660899194953","86.78736330130413","75.2061030296626","53.06171264194262","670","1"
"100.45446170056817","96.8763449709347","64.79046578631632","95.7750910020484","88.59477924481047","74.07294349810196","73.4263105260814","67.56757243489749","50.01612972086059","671","1"
"57.51885063558356","96.15713832650799","48.975369578085235","92.0633752326479","81.1485716305186","85.20315562676875","72.12858343211919","81.34883658797916","68.20379045887891","672","0"
"89.23244571266711","56.356785088190556","86.35271174379712","94.13691749048053","98.22148227027573","79.64595812152993","71.00522757591868","54.95934195227909","89.70496955069015","673","0"
"70.93055431442575","78.79004859807989","46.636365698290874","83.47311020200345","82.25337668733688","84.59229516016201","79.43225962135223","77.86259512702246","94.02130954625319","674","1"
"92.12635264634312","100.60558601872296","69.42951254888077","68.98960942856829","87.06517787688654","64.42990033885506","71.93038072059971","77.42304129946693","53.010811273318744","675","1"
"90.44195857420986","90.9002746194957","54.094107458911154","63.226153090488","66.29287605723042","91.2118822614186","87.0647780690553","86.24721711729126","85.97663173282292","676","0"
"59.49534680684154","65.51146037448693","46.85192963466089","53.557223306432334","90.67001117708303","72.92793514572007","87.43447786399564","60.315125131611076","80.6581578274491","677","0"
"101.9137423386549","71.37008301588912","48.35271886530691","98.86670330483645","63.14600215040122","49.230822572049526","77.6635052119105","92.95960789449806","58.873982872772224","678","1"
"94.8191944737665","84.45317644776077","60.247525240913845","80.59421907648026","62.13041458193188","55.62419602652162","76.02194443775669","49.7163488577284","56.75027059204584","679","1"
"74.47577826156136","84.54789146826062","42.9304316072126","60.45534446723365","95.61223811897909","54.257045581207024","68.03882475128536","51.384888919004815","51.36426888110599","680","0"
"78.78527315925521","56.86447367711947","65.32703294374797","87.37633328534761","67.10583164569698","54.693131632517776","56.615180171064","52.79228298738083","66.0839800150362","681","1"
"81.64420654732832","59.78326033093274","49.505630320397685","52.89507744391023","78.39445694622665","76.06510265494457","50.74852571206109","58.53319399723889","70.9152108353876","682","0"
"93.78750245884662","68.23356096636203","64.30591980976617","86.65559005905902","85.75647670447441","45.332185051819785","60.806156300265506","69.41092845704797","92.71366914788463","683","0"
"84.8610221953481","73.34388741507819","85.05956321102651","67.02030475981336","64.53236635772276","45.406970733573345","84.8157526556147","82.94670085076375","69.37599420988074","684","0"
"94.54357653067306","97.64365550971175","50.93713273501078","56.96606970740948","100.23784297930824","83.69196123162318","58.642727513838835","76.01546251384546","83.95092864695603","685","1"
"57.684790882167064","101.15244014629221","41.437168759799974","63.126744221907224","71.41154096556373","62.92493710066725","52.35674246451591","92.19487732344054","49.50830123463333","686","0"
"90.79609693656978","82.87819795300186","43.866172955659664","69.4816614141622","56.464286772105936","83.44960149132326","81.65552366274868","70.89178330106331","50.1253265376166","687","0"
"76.55786043154559","68.69415208508973","83.31660075026018","63.93932555786645","58.66047887650345","59.48025842310146","54.83190893338859","58.00697381037145","67.53516498217631","688","1"
"73.82921155825623","101.9393805511489","62.943033609630376","96.42830006199628","65.11309240354929","76.37808777282972","73.5432892038673","83.6891971997897","66.56230644582358","689","1"
"87.72391925713123","92.1665144259673","77.85584833948174","72.96279466583576","98.25676059049977","59.961640756273795","81.60634968804337","68.72099990605936","69.39511463068645","690","1"
"91.92765950607463","101.5376611612324","77.13082952682127","76.98363153539488","76.54675755790181","84.4661639862693","96.77289522440736","46.59284266960934","58.09944560821307","691","1"
"80.94749541264179","90.34345021836695","44.97848640008661","84.20242216382906","66.53074533712504","84.20919194676061","75.38805220553064","86.0832487047491","65.30485659828338","692","0"
"98.30030126838753","85.53424991943324","44.73806053487233","94.12890496473639","96.35303952712312","90.34174530344197","61.22764605068424","79.58006244418068","86.50477309082451","693","1"
"88.64347589152005","63.23623568135595","44.53919639467007","68.0780421648023","54.91514732993013","75.42155622921454","64.1797206682738","55.25695008276993","93.2529277140879","694","1"
"96.43697580240863","70.98004726821739","48.943861548541705","85.58961739347374","57.689087145212866","82.07099119600859","67.64656045027427","64.64731479675582","54.69286965182174","695","0"
"65.36573762535782","95.82720922236646","61.72753494878478","75.94529516408846","67.04602647620094","85.16319133578862","50.033328410382346","69.54364396937918","76.55331829950282","696","0"
"82.61093192820432","86.0802464858989","65.84677216696012","90.26711796686051","62.05181881698442","73.04432884157022","82.87190273972064","76.85564134503413","53.7223908965304","697","1"
"79.6408857527898","78.80691415504897","83.12863352905936","97.45660674582054","88.90256458045857","74.71750636302275","76.99548877645849","50.88127193155863","83.71676118018448","698","0"
"72.44512853515543","82.6685430944373","53.275398678748815","77.96049930089508","73.36700133249967","57.468228542528365","93.86987183044486","63.314530003407775","63.29811297751553","699","0"
"76.22672488348037","86.27365473034136","60.41358443957044","88.52516521522037","84.72129901218659","65.08935951959081","53.611561140736725","72.183218073029","62.56789751407145","700","0"
"58.080241020285825","55.246811808090726","82.60992852101673","90.98942975755108","89.7074635606827","70.34754805763383","63.07340481073754","66.44115436009584","51.72073547267388","701","1"
"101.70060012047789","76.32735602439017","82.38631466763708","84.54972396324271","81.1186384288534","53.928613426791586","87.30451188670925","73.58103983651667","68.33554353513162","702","1"
"93.21485912186989","93.50756700483073","74.80602039514467","62.769304693746825","90.13924478217504","74.54818805498455","82.96049801768343","48.23174729223775","86.21512811601573","703","1"
"92.64926790182479","85.1669889835303","55.72365212622961","95.0911748438722","81.18441535459124","88.52568286278499","70.4874776175521","50.238607609647566","74.23752793778173","704","0"
"76.84516388752054","69.43719946175256","41.348511154401706","70.27175308968015","55.96893589239253","60.76413565848405","94.34830674324033","84.60010499824052","91.72806071054212","705","1"
"100.17478952973975","91.35142654237015","47.73024441748248","81.08218893790165","75.02024165826425","53.506778240141664","66.31604316271148","60.95262177932786","86.9107973541834","706","0"
"95.36855698137138","61.57187275970425","57.56143143311489","82.9777754076695","61.335516330030835","87.06453934842013","58.71722046377923","80.45269077404983","82.53750178674953","707","1"
"67.21197008843167","68.3469184940529","79.8316129265944","95.62575574362779","101.86913238165155","69.84050146045861","71.23519797798163","83.15345787990269","78.7750817120798","708","0"
"58.027057036846784","89.36485895324451","58.390216604084245","95.98834868687513","60.42282654098311","83.83269547028924","75.91752970961342","49.45939975022497","60.46901577636943","709","1"
"98.98348111507919","55.571662997396714","72.20284506664088","94.83490645636032","97.3648693159731","68.62363250694135","54.26122762122806","63.06823384944649","52.78233116182155","710","0"
"101.52003497099754","62.65075424784725","45.339422016731575","64.13796544643057","92.24144811885616","86.60078621827232","80.21405841513563","52.52908375123813","79.2805229156588","711","0"
"84.1955224145835","80.88784940528885","43.65354405243882","73.19040235588267","75.24190868858611","79.98114500711824","90.75375167983387","69.77481608472657","87.28859822261653","712","0"
"78.81360949355003","62.290516647623555","57.41910370821985","63.05214158198398","73.25347717738995","82.58101700040505","57.46854642155627","74.24168066092913","60.835867494189955","713","0"
"55.600021213007565","101.50367901483295","70.90929218369162","85.01811702290209","84.86716801987555","48.8300887758939","61.10141849152609","48.70208445063488","65.56671352055405","714","0"
"78.88259217276006","91.66021909338053","80.86094874921422","92.1679180185069","72.52416680835879","49.042951094496466","80.42722448983535","88.11986834291108","48.81435063477642","715","1"
"60.314296232647735","83.44247500139124","61.24520549553429","87.00001338488632","74.65268758512705","60.863232178064806","64.87350003077557","45.12710374653281","73.14333552129558","716","0"
"80.05937648969426","89.69947201424861","67.1336825277425","77.4562137231168","89.17993924245661","49.121498291482055","89.92304915391621","92.2246525278219","91.8923388361295","717","0"
"57.89298511211163","87.11906158010552","75.64634774161213","62.24622724709286","92.86418479274764","46.90931805234587","54.66959888361124","89.4500765868821","76.02248171093346","718","1"
"56.128537599434054","84.06648848968581","79.38649393318215","91.84953186300126","83.94974696063761","66.30473272989434","61.42482993861016","64.5914362708254","79.25232996149289","719","1"
"102.68511158564948","55.93193462091469","44.61257973869827","62.93657323816101","65.4234828207425","51.2841355177144","53.58785881613919","76.78987556233375","50.67948901237611","720","0"
"78.61944335738069","92.8920581636775","76.09447405076612","75.75984890592669","59.839704723329476","57.71106848932385","71.88843919164516","65.43375202345798","92.95283530601044","721","0"
"85.38426684146734","80.19644180710335","68.1539254667694","70.52118615793347","80.02409876792628","62.05095170052515","74.55314683949376","76.73594141551018","63.704558268224375","722","1"
"87.8914095623985","59.13061437163627","60.09782080601016","68.68087722339195","82.76916471346954","49.72413106133867","74.98995211884512","74.20674000935277","75.75318924563851","723","0"
"101.51342517272595","86.05653760630128","69.99763407410039","99.11394419869583","80.23838292524401","74.49971157381715","90.86924108663926","81.89162971121287","49.90972583876916","724","1"
"71.13905544969991","73.68599199010816","55.959354154402604","89.99416876382699","54.20568315630961","54.68698919748511","68.47932797526414","78.44162704404455","55.24888586069495","725","0"
"88.99363625172398","96.0181225592439","53.699043726181486","94.44309165496522","71.93023110307274","91.88756710989185","79.24397881558922","49.7674408853227","80.48169377892836","726","0"
"98.47391108960242","60.904632118967335","71.33712514781429","53.364650981175295","58.48933955549577","50.33514076677561","60.80191512348108","46.05467391794926","52.49173313207397","727","0"
"102.15972518308058","99.42551806194888","64.0344160783478","73.06140503257738","99.26243428865067","76.33036572759525","76.53212904356813","62.81855273680285","91.69091722235369","728","1"
"102.29448612141913","85.33384360966636","67.32130507109416","64.36038779888347","91.39181226812205","68.64677869043844","55.18976746379002","83.64258409704946","64.47478923396828","729","1"
"91.25290310830093","87.83649546706096","62.46625812121941","56.463411436911265","85.4670838878113","58.692530622747626","67.93276224568491","49.47630566172967","69.11296793838234","730","0"
"79.95272499496095","68.53540460077468","79.06868713163944","78.80558273073535","63.508474752337975","67.09258296997238","81.00776639862038","46.58776370539372","90.36036456682469","731","0"
"101.38617692529535","60.64110145518448","72.79147542102677","81.78712925877429","86.11429188000668","65.96478350553296","50.969752399658496","78.15586089432303","72.14011250832213","732","1"
"80.57865401914619","62.68759071047134","85.14836539463312","64.20113801057754","64.35486304903775","57.14873510574365","55.01855430460271","76.3053955405857","84.58020439803741","733","0"
"91.8812077410057","63.498332135421805","58.37261802893947","71.59804363684574","77.55396248314621","62.044329614865916","81.82860015905929","61.8324645372634","52.42484007308043","734","1"
"85.07071819516854","56.90052551597759","64.74406593778968","88.36725839342253","60.44228000320346","88.08973277177297","78.02142761410606","75.85042051978382","88.8706443905397","735","1"
"75.80753617851032","64.40515180310835","70.99580468083745","83.68448355438431","58.74284823509786","66.71814848999001","63.611297389577814","66.74627902612178","82.8944838992398","736","0"
"72.05366437606294","74.64435867040213","81.3763630055981","53.26680083782707","89.90104140356254","77.32569856259404","60.29175520752686","79.02027665794547","90.68152370647584","737","1"
"87.22708948236514","88.70018343498117","45.24244923388464","80.36270614792568","55.98353812246039","67.27469982759325","82.4582359202392","52.372585829545876","58.03733944845523","738","0"
"62.23562872443068","67.48405937243457","68.47849378230039","73.46262622364212","55.11963914860602","56.15708337308749","55.44139500400308","74.9145206381414","87.2432199898766","739","1"
"95.0149820753687","85.27858635781647","53.67257380176372","58.79339662754901","62.58192409634553","53.03135566030274","77.93538301597785","52.31864584856317","52.72607906693479","740","0"
"99.89096720327903","90.84270067785945","71.36691523030954","99.25077717526051","94.09767612658267","89.02954839010339","65.75082337327484","75.88994529525813","53.08194674040771","741","1"
"55.90308185868635","57.91338693342118","68.88095776786709","87.62618767343986","98.86902145804896","55.97441639633061","52.959838333757084","65.98658950678602","53.168402282379965","742","1"
"93.90925430722936","57.37163839700899","48.98683399465739","92.98140411892328","72.5602381220268","68.94411731935857","83.5432909010196","53.638882974674594","52.53493781246854","743","1"
"69.43869492755363","92.173018230978","53.308834536865774","72.06180663811689","101.34372797653678","89.97246028375996","88.10600628520216","61.37011021125135","90.83756028427403","744","0"
"88.88582332317587","77.5101178014143","79.98182224808245","86.94308912488916","67.8786287793024","86.00258761970746","75.63809602399324","82.6851601634436","64.85737771942739","745","0"
"89.88250430132803","88.92450443367721","53.67107628712243","86.86250054833837","85.13830057430461","46.23309567693559","79.73072741921986","56.80490816946527","49.56361807951083","746","1"
"86.69006199755007","87.2587900383822","79.5713252890796","66.12296141344424","95.95509867811641","53.468198567128105","86.18910477958165","55.50606448624709","53.40865341709887","747","1"
"64.91454530400185","61.19439929422418","80.02850605700664","76.52461235273726","71.52815571875931","68.33021747211295","85.43100523938442","78.78420363270875","59.13393158715135","748","1"
"73.39675454476675","54.64850367016257","85.59930630009777","65.58804950437383","96.02629206149082","56.29274110365647","95.63170029271102","89.92041056431823","84.64572827937349","749","0"
"101.47303139809333","72.08992220908883","78.45708683201352","74.99057991875063","98.82268038537495","65.79272148192594","60.3371246313343","66.11695089013894","79.9656156356706","750","0"
"100.94792554896759","97.87594154667475","51.13507503432173","81.82774130782312","99.49617497735116","60.549871467926565","78.35529852988569","47.740131290774066","77.41770843889567","751","0"
"76.064043571262","69.09029886412412","88.20115147121946","52.346824327359904","101.88771422994847","61.75733374204542","75.63991927419418","54.76301268799122","58.14628981578695","752","1"
"63.35703667326705","88.00488604095061","47.773939869785195","78.38721903344009","91.18992780180511","64.47326030377876","58.44748415178848","70.05386990842455","49.49360102118205","753","0"
"69.3976425530243","73.63082048808747","42.46042527466804","87.25669986260084","89.7994217449837","67.90090480045306","80.30982826135957","45.84305396149115","59.49038593552515","754","1"
"78.82019227053962","62.42392228422908","55.00907448356199","73.39161220391043","82.93266475448439","60.10764508622985","67.80755516212419","87.84144204432378","62.21629162325944","755","1"
"70.6690616459674","68.8280499458818","82.00283498533908","61.77824673628039","86.60284618604514","60.972091741981416","76.68594426548826","83.93435946355028","47.917119901420975","756","1"
"65.2337873008458","90.16672465141656","47.86724902275276","54.638240486702664","84.91654572292877","77.37328365638268","79.19059047043383","68.7623811995082","68.03830809301219","757","0"
"81.43344610989364","66.74367539841363","65.18657567424813","90.03107832863844","92.33319342640611","69.68938514276248","61.836312094965294","53.775527247310954","76.66283812428684","758","0"
"59.72255755707597","77.45474130188401","55.29079850680483","86.91019213779644","93.99102215479343","85.8807991369856","73.51097788537214","51.23230562408493","54.4302473303203","759","0"
"99.10408142511687","91.79849500598405","85.30366620322148","55.66315827184656","87.1788408930936","45.72060357589202","84.04251692457167","71.74926834055498","82.65845836995209","760","0"
"66.24859538272308","69.96672309581686","49.15080322859902","59.33596661045203","89.9336079466393","53.69722195757949","85.38018173476054","55.332152101828555","84.25818447254322","761","1"
"75.61140570847417","89.35570360894404","84.48535490546382","90.601072952714","69.86943459474726","45.76555159739634","81.40760566539204","55.04266500686722","85.5504777359291","762","0"
"66.85163715691638","96.13913397629268","74.79477394100734","53.73979738830014","88.0756796258463","63.16878753102786","77.6398786198564","67.82588751653991","64.24388073035432","763","1"
"80.88993710737681","65.23054975368566","41.348793299648605","81.8989327361061","67.75932635795841","74.35684297104613","96.84942063971344","55.07139406167216","61.38852052585532","764","0"
"68.31847438031392","69.90256239722795","89.03924795065164","73.55652727816187","92.02592602420054","47.13075156806999","56.9315494011469","71.09952423307789","91.07597665338038","765","1"
"86.27203841741938","80.0552013771954","44.38471972382102","77.43878001079788","71.69077198164283","78.00841497510187","74.40101876400108","56.16408646322359","69.08550350083695","766","1"
"68.82489733546983","86.64469580509002","50.99820674294675","62.70726903615786","81.09796203753683","79.23163190593894","78.8891113237482","79.2431383779229","47.668866640215676","767","0"
"86.46117733436905","57.33707517437536","74.34792224955665","82.92531317358495","96.52328780610253","66.95135125400796","85.93200470608593","82.55672810259956","72.20364699618084","768","1"
"100.64520628873768","62.22533527554042","71.22229644909346","62.45044286919236","79.60941632477216","76.23995467758799","64.09191869078045","56.358238912329405","59.63745828589817","769","1"
"71.84914000373682","56.303739012599635","58.09842977236936","71.86102995628117","84.87140690889558","71.40807567997717","81.32317510679063","46.03149734350301","54.607585591948734","770","1"
"85.44061648284251","97.28500137504454","86.3192844742816","77.7855998972512","70.65428062491156","79.50334912505268","77.82133446862626","88.98604535212431","54.753024094283326","771","0"
"62.758951971323285","99.03121736628087","58.29656953652756","85.24222151941369","82.2993254918724","88.59623559252826","94.0689725807639","67.4584572701351","90.18378617672316","772","0"
"61.94462191647294","77.6500988655169","88.9607212040346","61.81593811262025","94.89180104215359","45.047342871622135","65.27549588004884","78.49525025152356","52.14288725903982","773","0"
"63.96145347961121","83.52104124214637","46.64845309478534","60.75282572477251","57.14337863753132","83.55856581103025","65.13586214073659","50.88433590494906","66.4557978824332","774","1"
"89.90925130542335","74.50879014137149","86.4645498310712","90.55884710962033","95.13266370131781","47.477668346903364","82.9271595578701","82.1602890982043","57.32566974715954","775","0"
"93.78113393160676","61.385152434123874","49.55943645351314","60.34088125690703","82.05716836111284","76.5515493102716","90.23745050096299","73.29456036665493","61.224740852434614","776","1"
"101.05497966351636","61.667035658505725","88.51731840635847","80.79131087531874","64.98126061874132","50.10480584683888","60.73988707644901","89.43513617788541","52.08569388474769","777","0"
"60.618291917275926","77.83482407078388","41.30375285611069","70.20563145385063","67.0759779932719","52.18999646979985","50.20310322843737","93.00215874814194","52.91345564960194","778","1"
"95.79138688759515","66.0258756475558","77.55376308135361","79.84572654559915","87.15913496758812","65.64197362025963","52.550017246416544","52.20999302216111","66.40257332519421","779","1"
"100.1640205542197","88.63607724845124","88.24863424311292","71.41289167069895","81.48222671228382","61.06555304496135","62.74603641453841","51.34353058232999","89.8633861330123","780","0"
"83.18483484977963","64.63349922644093","59.12093139947517","80.2735349260928","59.94780186354159","58.84778611159577","60.631349433450744","86.45536686342798","68.14825005218493","781","0"
"94.97976100881556","82.00658193865644","58.335735501935616","75.49189684562089","100.59440458256913","90.75750929913092","78.75209510557124","90.16298617186227","48.26935841510925","782","0"
"91.5684410328735","96.63219643571543","45.90192278263797","58.72466536470325","73.08005913780653","49.227530931646896","77.40430605678449","81.05504868334359","90.38731684594124","783","0"
"86.62935547274448","61.43132603206876","68.9120317314361","96.71704507835211","73.09840458864119","56.23382572968778","74.67409017096524","49.733394884166664","92.52838571729846","784","1"
"57.914608716729774","93.81843457856554","85.2211734271525","66.05129266345898","77.55303916023718","52.54310041513732","50.96650205790433","91.64886678585871","63.432420090655484","785","1"
"91.30048878008913","81.61930508534593","87.63156583041051","84.22062947086235","78.8928681804554","84.78117550188911","63.38214362040567","73.07720458250405","53.287591091453216","786","0"
"63.645434917610444","78.55671828125394","73.99202540316121","85.2127674017875","81.63228045154663","63.71202510224033","84.83613511811501","83.81631159628397","83.12289069917189","787","1"
"92.63324667292443","69.90839046584335","78.85809408380864","70.53941425484118","77.23751139056719","53.22473094642445","63.9096509541195","56.82839524493689","78.35940330278521","788","0"
"62.905775964652236","98.83651822322062","66.4910341374992","86.15450796352832","76.16358013153888","50.90203606433321","92.95019311769678","64.099624313289","69.3762665210749","789","0"
"74.13627457642032","91.66221156461245","44.23080646831406","81.56116859879472","72.49566308497538","90.88049848561452","50.65776646775022","57.98142473233176","79.5278933101706","790","0"
"98.8028628734719","66.07301361899084","51.58885703596577","67.0422408074723","80.01597888969482","50.59701437986776","69.92943372847796","89.26001062219846","56.44280844691727","791","1"
"80.62019489518762","91.61467457632861","80.42245049094306","98.09320983277064","61.27999031748951","45.12770431069161","51.13030494358946","65.96202761842095","87.45924528546817","792","0"
"70.57913941591701","73.18591196187195","63.25309667506788","98.33007032850827","72.52955136210564","70.51501332779075","85.25005887840408","66.20268483141467","66.62758130522762","793","1"
"68.57052034545109","66.44764535257222","41.4050140100626","78.27440075168127","77.37551831507919","63.63095884748451","51.69289765908684","72.97791749457411","63.03665460451603","794","1"
"86.36063114343945","86.22695635561666","84.40363905351661","87.46250841620066","57.65451549485547","60.85069903149815","61.05481528939952","88.07172710414251","49.6728535855063","795","0"
"97.61064004521518","80.6623851686437","55.81648832790739","74.38710617242879","80.30092562723695","80.6708225534016","63.27002204149757","72.5808057670829","79.78472410428037","796","1"
"96.20715267621377","70.80626795801693","53.25537757930775","74.36668180515589","82.74618621016349","73.02570886412717","69.94775395637919","69.97969776849231","90.94741690473475","797","1"
"82.74026671166074","72.21282622613583","72.26899843446866","92.91818695126858","89.214487470871","51.69830688387738","64.64570940149063","56.518724351897525","79.51232863470852","798","1"
"74.55739036094626","76.99035020755866","88.57284507830254","64.41309960252006","80.21189010649996","91.17174526928535","93.30512365922387","81.09704694747388","77.78447536715302","799","1"
"57.45574813746319","92.20392118119797","84.7943615422105","65.12243721706376","74.81545522197048","71.03150419460422","91.7474625746316","59.214469878590016","77.11914923671138","800","1"
"64.31579789775802","93.10247277616361","82.32334945960878","53.94935065013819","55.76566349476608","76.18075493637757","66.52393067922979","49.44733370291721","85.6010901021277","801","0"
"72.45331651117532","56.3980542990524","84.12176810704564","82.62033178798124","87.44986611718014","55.58142731969414","77.31092795885259","48.92172652988877","53.04563668664121","802","0"
"71.53560941782227","94.05714579931015","63.492350101731105","98.18953177329473","98.49319364066739","48.126785513997724","82.12610005218043","59.908429021126615","68.62119586065053","803","0"
"56.63612123084906","77.711708331393","47.40754899454997","60.048695850249565","96.22491623160812","83.29733560892615","56.038164109287735","54.51023357002787","92.01917193756354","804","1"
"54.86070413644525","66.31133163850167","74.01790611288186","97.53540195075865","72.19055433665518","90.24392622177129","53.406445022958714","90.47393486619724","78.73112456146076","805","0"
"71.45607492608234","81.51239374502666","41.85067902720506","99.12096644502687","80.49769248012079","87.17117463641064","57.32218794760526","52.529701907174946","52.48789353995149","806","0"
"58.113955585896264","101.74943967233516","63.94760477630982","58.39737250015788","84.23072526422652","75.49965333737164","87.28385130475785","79.00572735014308","49.596687802367526","807","0"
"79.19996959206932","76.87458149677772","76.72709399068383","64.61353366459714","81.21265507574128","90.08110870214826","69.1057384975005","62.42056401417447","50.200235889282865","808","0"
"57.44463923644243","76.14463489005784","88.70845332676338","86.88783966603656","55.39899599089154","71.76046293374996","85.99685032607714","77.27398882606938","56.92962986555948","809","0"
"59.694835858587226","75.72725820084345","42.26996733372965","92.128554767071","56.00110808832512","55.99271891390153","88.1791620950011","45.92505639539944","83.82360119662681","810","0"
"73.73910998972676","61.56977221187295","83.30993822341723","99.52000477022041","88.03709026128635","58.767174644423136","64.1887097768401","57.251764440404905","65.51882587661377","811","0"
"68.32654328081405","61.70898662057263","79.71795744742174","91.9953417285303","86.57005476575844","90.69813081115028","87.03944865003707","49.30549278438859","52.86229506473256","812","0"
"82.0317945699205","83.64544927168954","79.31080862684239","66.03492189617039","60.299759411351026","45.609331684565475","97.06961276493409","83.26959679436132","81.62667602580389","813","0"
"92.97032917693737","98.38605523783804","75.0381119982782","85.75361110716365","100.7326499510333","52.235808519658256","80.63334037166551","52.75923133772551","55.875627503886136","814","0"
"77.76305317656177","84.29482014443491","48.222550319557186","79.39323333275658","78.31721956673756","77.4702622824799","62.149996820258146","82.3992540239278","71.80696924414946","815","0"
"60.65137922168765","69.98409236406943","68.2990059572066","56.43795067893253","89.65017528891589","87.66838301405791","52.63049938142632","83.5892817763664","48.07803433848629","816","0"
"62.54767376160051","87.14608344582498","50.956712926910114","77.88640491786073","99.23004988975865","53.43412220205131","55.82584278544825","66.27259665632883","84.03330689521304","817","1"
"81.01956530714243","89.62231761882646","64.05937739759489","82.79104116743105","92.91706480408672","71.37588786132034","57.45860934940255","88.97841862398936","51.067663444569725","818","0"
"63.1624621574383","72.05984799571858","44.083899501689274","56.17218668974064","81.80605028410287","81.59953968211413","56.023019013472435","84.14377077171414","92.18778954951266","819","1"
"91.96884319849413","98.05572505110024","81.05665183801663","91.85263846591359","61.635309480128925","61.5154071921303","77.01528064217423","72.38263546356666","71.33582118201207","820","1"
"65.70027024126577","64.48133662586575","46.650836745535415","59.30410372035785","87.16070432331097","62.44440180231901","50.58809032231771","90.53915542721064","68.27952360426538","821","0"
"79.60080330745275","100.15687412686795","52.09442943540296","72.24910312434154","75.89826993718415","69.21213135763075","51.751319644403694","75.84936469666665","49.43622721450178","822","0"
"92.00785946970026","93.27699243881085","52.08612121563816","68.18563735374323","85.79208972794385","78.7888035259261","66.44056694782826","65.92186981990405","91.86907473638594","823","1"
"79.58032025760839","71.72487052715222","85.08050976479743","57.89445397407752","89.05823130372548","72.51191834867757","61.96607640620412","75.66722184815185","89.15373609627783","824","1"
"79.64096568329093","83.73735437376786","84.99034671197685","70.56163756201559","61.257818682875005","78.32054743955077","89.46195756787175","61.00851767982153","57.85017267199437","825","0"
"77.41251804902804","74.12733514030447","46.749845496771044","86.86139415373455","82.02232234754831","55.6975120331674","74.25645411069829","47.24705058119347","72.99827744586531","826","1"
"79.75864036733964","59.02926602575704","45.47493135674961","79.2715829751831","64.47277043077528","48.12830274495873","64.07594627938037","51.394237341187484","53.18669025020406","827","0"
"89.98044972673976","74.96354547527673","76.68389883974949","82.7521944768972","97.41297838480675","89.86227122419555","96.23392982978605","73.29386302167603","74.70851853519115","828","0"
"99.92898030507992","100.68672691640813","52.303771708701035","83.32325034691836","70.12429428899762","83.72589254296679","60.15417616202236","50.72354079588967","73.84035183206035","829","0"
"57.86193780671179","63.13161227386645","61.5816687246958","93.15928912715799","99.69537011362424","77.21662650169053","74.30537602643376","54.053764132106586","83.9766133113141","830","0"
"100.26197253649752","71.36186365403921","87.15036261470475","95.60042083580699","101.86154166702643","55.79075453877471","70.92675591113337","68.42604236449553","75.98819863120264","831","0"
"100.55737723590792","79.09217168135908","87.3243393907452","84.4993974077625","59.16485981118473","90.59537269070476","54.58242914855364","83.62203917891655","63.02730443166949","832","0"
"86.15438284044187","70.07660487201274","49.138040308906966","97.0838506521962","80.42085589545877","88.03994136716447","62.1575190244494","48.79374761106477","79.51683064045312","833","1"
"72.92058683773224","62.58790252272066","75.10738246501232","82.45097395777339","79.9690473993888","74.9636315528347","75.73571424656909","79.8452941173484","89.3747491168085","834","1"
"74.52296359730765","60.657446500108925","60.39485465132999","59.21622714252224","68.86583751661189","78.76983600787536","82.2836406552313","84.77214231827254","81.81511863495014","835","1"
"59.33512695969209","81.62165907574862","59.24198120079781","80.952851683579","77.45753439894087","61.76025940846186","51.625711547196694","86.92375848224067","85.89308247090595","836","1"
"78.43703752646846","86.45956003747922","60.77078621801958","81.24012613901465","73.43565040516513","46.79270675902243","86.26747316138044","69.01908534848971","60.31812371132628","837","0"
"69.72461460859198","87.78679015393715","54.03357180682525","82.23810271419046","77.94971655129336","49.400184840697875","75.26767520795865","90.46703305629197","72.93116673727688","838","1"
"86.8149220125767","101.61573917230793","50.38739833054818","97.65056457271064","61.13149498894379","46.58521092225347","81.07503029909252","62.72849305088413","80.04203930852405","839","0"
"86.97076308697625","96.06357237309163","76.65140740285823","66.00972326267976","90.33310298880909","80.51076399081538","58.19164152425357","76.79357599482591","51.396351978229255","840","1"
"92.01734462008166","91.65316091254147","72.97764468208916","93.34806927892924","98.00393359510514","61.17386537770312","70.20826087162972","67.74994988808469","54.36625148956656","841","0"
"90.24775228982506","68.10824916478586","89.00951866929469","89.95156089312616","62.316186081794555","51.20138232449635","70.37096283535675","45.21311154540834","76.07777035824078","842","1"
"96.79769573952754","80.61440718701672","86.42179979575958","89.12237911469859","72.58828652845445","66.65655265039229","81.58905989551081","71.99550550079643","92.96177889430903","843","1"
"71.95795794633115","79.40105486530527","42.78678211639743","75.75989629303865","97.36836116491973","81.08134175149146","88.12866309169043","92.30186869364688","73.18480757752697","844","0"
"93.07589996045347","59.706302321277754","58.22923633614927","91.83099674718413","57.25928378755287","90.07159880752832","49.897542446246305","47.713923919100665","89.37310141967912","845","0"
"63.19629660486612","78.33197881444029","41.41011135483318","52.26738755247293","59.4176390005807","59.44996712462991","50.273202468524275","78.617637548735","78.82494532152255","846","0"
"71.68821593727291","82.24133393897442","53.64348476408634","97.49838195958687","74.79944667969568","89.79208825806211","77.75443644511519","52.13404681191812","82.21152649661208","847","0"
"86.14487065014636","72.63056846730173","60.68418390739416","91.25933764119642","88.94494381333257","65.4111444792173","56.822988074308455","74.0799987223319","73.38852710150773","848","0"
"86.95243568113632","92.23183123777991","85.60462768562482","75.39888368958705","69.8429284683811","81.97896328686326","64.81426148480254","62.434402109256176","86.8828072251842","849","1"
"89.14675299940018","66.20086835842709","65.7414228223124","80.92038748016968","83.47914760378791","89.18471826571546","90.13777927952225","87.13232110970746","82.1814768768681","850","0"
"90.33492416937464","74.35032834843724","71.41770247084182","89.14945206392576","80.25338404528434","50.57293665360858","50.61298200317798","90.35647363441849","90.97435157468489","851","1"
"68.85745852652636","74.04529155421315","50.38597460107964","86.12430217958602","78.32002288241759","45.9077151608723","61.491396716041024","49.0858244782395","85.14902686793606","852","0"
"72.1817740069617","94.56588651954101","71.34201031505819","95.05039375341883","59.70313266667734","46.36553271498522","71.29070709078553","70.046900459361","51.49207018094866","853","1"
"97.97593310127172","69.23954320203367","75.45733175628548","89.90090685580239","81.42519653002871","66.64544455762253","50.918336859745196","56.64084465420581","67.57504790757325","854","1"
"73.71249979823038","62.8087088576017","72.68373538942346","78.97567584378672","85.99587373303615","67.8251351620987","53.121185170698844","66.4338175143002","54.82951481515134","855","0"
"68.7485102338584","61.71005307821495","56.26470322287159","58.25145501232416","78.66235010348987","72.8949372501581","71.75113885292141","65.13326942194023","76.79018061701164","856","0"
"100.98358486576387","62.632763910546394","41.35359273543851","52.35057521199234","61.49729075155694","91.28044946785606","53.69175035874877","57.15252657047391","90.83827948352584","857","0"
"78.99414963308271","82.16583189852659","49.28943254205659","58.83979597428627","63.26782639498361","44.743074624435934","83.82462961822142","76.40992496642188","50.73870274632189","858","0"
"67.35992859572927","97.17152939083753","70.64066097643538","80.12933597718535","91.28217186183524","48.31275447232648","83.15201610228725","79.19795052228478","78.77529239263654","859","1"
"88.90355760096067","68.01821656361254","82.4923447543808","75.44924789317898","89.26222803931672","48.43291188542986","70.37224739868527","69.16016794531525","52.04890763369341","860","1"
"62.5025336900368","58.01343474382443","69.64278396271736","68.95192752117703","81.05329421344848","83.78230456155396","94.47030307442039","47.149658066861754","77.49086204035724","861","1"
"81.23753236166128","54.968224208587124","76.67471580579348","76.75985177188306","99.70580465350454","45.25049338570025","58.176646076999454","82.9812485348692","76.60613174023362","862","0"
"56.259177941161354","94.9477281029036","53.23604640373496","66.18752907560106","100.18594069195981","45.39130486551768","82.4070076346491","84.19792845853489","81.0492055624506","863","0"
"93.84086510042673","79.02378506420746","85.957702735973","72.87468057883419","56.48971802657823","80.45042189121119","71.76224323331836","83.25482102973403","52.17117555772788","864","1"
"77.94133491708918","92.0948934730014","47.700017759693395","73.01871322927215","58.63513618083865","62.20607654245315","90.85421068067446","78.00484723102637","60.93703511669594","865","0"
"102.14694021741572","93.63213663325544","84.41450167550546","90.23584448531977","82.8136401035114","71.25865356954017","51.188072574297216","68.08877588734116","89.25476219479837","866","0"
"83.6357524937777","99.94061737037048","77.60114416666455","89.92351261216523","94.078852730747","51.83370779126385","86.10631494231907","68.91057484360203","78.68528026643698","867","1"
"85.80184563350035","86.61185480268921","63.29671463273739","66.8107804655398","88.06155348869402","78.39951330803804","50.62113737823839","50.61307621498192","73.12233371059422","868","1"
"55.989682167603206","94.8490549586017","61.170286302646915","94.82927821251738","77.97489790152409","63.78823993717721","75.49156162501119","50.46071663250591","62.078398860505885","869","0"
"84.41972935339837","64.23153674144575","85.64440195099179","71.42278718371631","97.32417669173158","78.2752346654925","51.18444702445932","64.38875067107666","67.2207190079046","870","1"
"73.21949299957883","86.28003361346636","46.132208798873506","70.04809447317346","101.02480804457284","67.39738381193683","67.73901940859213","72.90729080637536","77.46320180629553","871","1"
"70.39008637566137","74.21767681037994","45.9724325030017","51.86508577118191","58.83490217743373","70.09044223387565","89.92137726535562","89.80225060139549","72.59016594730728","872","0"
"94.0318110954091","87.44471788599131","61.172847835915746","61.88977148774149","70.56987081168296","91.52278550310487","91.25892795903667","61.630421108371614","58.16474075174552","873","1"
"84.12366018494163","79.93952669381451","59.91567491711503","56.40615213354491","86.62617144917552","82.43207940904635","96.56024848057584","85.31820766086096","49.12604859817247","874","0"
"60.138557623372336","85.54791528031133","70.3972555477575","53.93091877773295","58.53920644637468","79.79739119459579","75.73814951823583","45.858634103727695","59.86434240306451","875","1"
"80.69778738331965","80.31813306560598","51.714289586608515","58.46472554955468","56.03708143031931","88.74126836727687","67.40841657338316","61.12354427779275","90.9703038529155","876","1"
"56.492512586778844","93.32755560478597","48.51950204004052","99.1695960116443","96.13573984999496","79.77156506260671","84.78063457559215","82.41068707254641","76.78070613193482","877","0"
"81.05951662548703","60.72786508485939","54.75811812165182","90.42720205016224","98.30216943399554","89.07912328235132","69.73369453069067","76.15244173882304","79.91383112750965","878","0"
"93.13056480081175","86.91780557057648","75.94150040533567","87.11063241662043","95.6065296145449","45.80011407982604","51.36478363497085","63.577529666970754","67.27222646737887","879","1"
"98.49510420514288","67.42532951589902","75.4081614499833","85.64416777970986","91.159499489117","67.70953196517227","95.30702709428137","75.14723721251745","69.95633470853208","880","0"
"101.89790960903213","94.47811841732377","82.37842488154733","86.10928636946014","72.70400553438614","70.23197239705978","74.81171899302117","83.3350278903679","87.23438394169243","881","0"
"102.43597099243196","81.22278620990187","80.74642846266333","76.05363754637676","83.32945773180023","57.979887707103934","94.7292550947651","53.326480265843266","87.93410822728933","882","0"
"85.19983692493143","81.1908477224502","70.07346774440431","77.88189630835419","54.43398542804697","75.7781346675379","51.70324290067854","75.12271106223123","94.01157142293677","883","1"
"75.72507758544492","97.14101567541042","89.15490071942416","84.87846184331303","91.56997876831127","85.03143768147346","68.5234200895457","59.04826303648135","63.03010255799926","884","1"
"89.58599307169932","96.45195410302527","85.0372549977382","64.12762347865642","87.22525512385018","61.280707066915156","89.31970109782301","80.72808641206363","70.81369595338431","885","0"
"70.53323380884655","92.54086823565557","73.49269682441496","85.47463133263878","54.287759442417695","90.02222940356903","81.16928570071224","65.04849066523946","94.111572636139","886","0"
"76.96480572847395","70.33669783955526","42.88122456474785","85.75597194512298","100.45851943227305","70.47195069776754","95.77694146555471","77.17501971706652","57.09742048088266","887","0"
"101.71079907518389","68.35922537580753","44.857816301055564","87.9074057531748","96.44212275322593","60.90757236094704","89.7490907365139","85.91832146432776","67.77571009029025","888","1"
"89.22660839085314","88.59218818200387","47.347487184771865","70.82204316115929","66.93965791728775","44.742033285105435","78.32258593660283","75.17678473249589","67.96836916612483","889","0"
"98.07389348510522","82.8206463421405","84.52185338912194","64.39551933591241","77.99364002693932","76.96664321953176","84.14990275282558","75.52427815331602","53.371585268579054","890","1"
"72.5331837675762","68.15943245795556","72.29090922566921","93.95330019017345","54.60196436677456","72.92024389436813","82.69093888169944","66.55404032062772","89.5650255750312","891","1"
"84.19523135870004","62.20976534628347","57.90208038288584","90.40072266914095","75.4431556218668","80.90117617312261","50.41194872357422","63.57651068420768","86.76296741668968","892","1"
"72.31900241624258","72.07705514280707","51.41646875101665","80.33858074999675","99.8339117502509","75.27218064889114","80.99909285465658","78.08684302410809","59.39131771089129","893","0"
"81.98175459024263","71.39983534843374","87.78503274397794","74.30091443215548","78.03008854134984","72.16347934953303","52.154820681300656","72.54794799195204","72.8963209912411","894","1"
"76.29545321397315","68.93476669215508","69.46529710896561","93.06144202343583","77.29578287552712","56.599552282815225","73.24690435306586","85.28393947394558","72.47968608424225","895","0"
"59.845357698646694","64.28767833822396","51.322588050537675","93.9796468238046","88.8645916368578","68.18242047947776","84.36547146214198","78.44602547472626","63.99372191696155","896","0"
"86.64469057273567","80.4965565697315","70.80376084747493","58.338523034140856","58.236073743267475","84.73990237179945","67.948391726437","58.29382960631553","81.09893899894391","897","1"
"71.1922729666524","97.87310218412082","86.01049631384144","79.48392803319965","76.44385349405779","63.86630776644516","78.51265006589624","73.1861013318766","86.78122403498783","898","0"
"84.61585244228213","78.3074346102747","50.07696993851198","92.2195029791794","59.89683565543701","55.618283824554894","65.32647356978644","67.83949490121228","68.08860059113496","899","1"
"88.6375574173805","64.83144939771628","42.98826355644729","76.38753323446976","94.29766154759122","46.1960557284967","74.75085472396232","90.8032813807278","56.09933586764696","900","1"
"60.32620439461701","56.240837559807545","59.642165852992235","62.30324594055198","101.54955004501763","75.71033688626447","64.43594994129612","77.18951449292162","85.64083284131203","901","0"
"102.51693873390222","91.42925975886915","51.462846526813166","97.198659160168","62.55214521288312","78.4145744705968","69.3515948701836","91.20246037879654","59.74525888949882","902","1"
"101.30529927671675","80.61614158245817","70.8472203364312","63.99184465846666","74.15689157705711","77.33525753276149","92.26092142949882","57.302432568712184","66.91212945937684","903","1"
"86.92852191450899","89.69422505008322","43.78307747143538","92.53115681480072","99.20575316553601","75.39476721888981","93.00859358013517","64.63003961480995","50.814248131650615","904","1"
"70.4742644142705","59.969913627500695","58.27450778443175","55.24501553862429","65.76375441720002","74.73642503524073","71.45361717440211","81.49869799736153","74.91796634913436","905","0"
"68.90312687356972","54.73400399679086","56.49084716656793","81.83313886650129","95.85253681380019","46.57297227920247","63.14100660958883","85.81626037181847","71.92520619099821","906","1"
"71.15422749342771","72.82916983324537","54.69658079520552","79.91737051420341","59.398594248188324","91.5637892315066","82.65228891958851","83.39523318051108","79.89013114327675","907","0"
"94.66183194209877","95.17468106979831","48.59798945281386","82.0352241374692","91.1105487461999","91.22659557232295","57.86877997025087","84.28716025026525","50.128606375968474","908","0"
"87.83483889812159","76.18648838034775","59.96846325245046","52.084155933706505","61.2301403724617","56.976246228263165","57.06049912492219","79.38847923524945","54.59325220835949","909","0"
"61.61424433257311","92.48266421622594","49.946124570618466","55.514725124352346","95.86039915206761","60.86638685406679","96.251167699557","82.33619144226175","94.84020079184069","910","0"
"62.29935723069485","60.95834896396542","65.87910738545284","97.52332832714112","71.93716727240418","76.52930389073484","89.44815641781709","71.99981914536909","72.61793473132425","911","0"
"55.1386629124727","84.72284441567928","56.035100706810624","97.83053380141625","61.0893562380752","63.17686142285599","96.55370531607585","50.579635460719906","56.8603662830829","912","0"
"86.68260720440368","99.63044563828744","85.90116201317039","84.6290180892883","86.64697018698067","70.79066023406678","64.57571465796073","59.56114350240225","64.05912995023776","913","1"
"96.30404812971524","69.87378327127215","48.30188505374427","66.31560419736371","88.18984390844093","82.56390481640585","71.24874739296398","78.22131342629577","55.29241170513823","914","1"
"58.57789969362857","91.6840865857794","81.78419493265605","64.06506731019317","80.25100929730002","85.58152925098041","89.10219640903655","90.8760474547383","51.820433290769685","915","1"
"89.58130951661485","79.86629755545103","61.41023061845219","77.09230340755138","80.67682081795165","52.878730549316785","88.07271889149796","71.37658134001369","92.60121173223187","916","0"
"94.02058469160399","86.06698992681922","57.047153331033485","79.0194614359728","70.6283603789309","63.97317123798459","50.14290870110973","80.65658797023518","54.647688172736416","917","1"
"98.94770069475004","71.27240970105208","83.28186652221147","64.83171128995858","70.57532376279927","63.51866189152305","75.80684145583412","49.23156703772124","85.8365864085369","918","0"
"56.93183041666623","64.9061798807321","75.68835154320108","63.339250997790515","79.1510313901794","57.194798582093895","62.2037188169387","78.1053089323835","90.50572156780143","919","0"
"72.14833872106844","91.43183055554223","83.20023020029372","53.90595837119522","71.54017162752756","64.34283202279114","62.77646324329538","61.92319350587804","83.2793441244743","920","0"
"66.8294040470476","64.10937505284033","48.276007680780324","64.77598903717735","64.85698317651176","69.09214396069711","54.7710917519759","61.8871362448749","68.31598443180857","921","1"
"73.40300054864952","87.93693481072306","80.75746403068182","97.24181969050426","89.3573149741454","90.37416676109142","92.43290887867407","48.2100211491001","71.97922863952887","922","0"
"96.69762593614357","75.55164078901666","86.97115419107047","51.955815537426204","96.21625913679735","78.9314396627761","69.13329133042521","52.221978618994804","61.43288606444727","923","0"
"84.26045807790128","69.24574497499113","62.761408750399795","96.13160777066003","67.67777605563394","82.85486829419465","71.0839195565602","53.80267145014799","52.458899393190734","924","0"
"58.50763483138746","76.73141639174273","50.35726343616395","54.451277482831266","56.20007240119917","84.11953414435224","88.5279119635204","61.75345399625527","55.26996082454427","925","0"
"95.00895008000454","66.9695079539772","59.80634939741904","87.77734674169952","78.71332368981491","83.53751451940627","78.03345143001295","56.79449007671169","64.87835755166594","926","0"
"88.72686027522201","92.7361936516272","81.65879764834192","80.86817786581207","69.37266770042628","90.37686000905111","60.02732025589535","48.02566269746371","62.391263100265704","927","0"
"94.58944254428324","74.80943349442651","87.49297961630073","60.482561467267665","58.352009771685964","72.88576827504518","72.77871514145852","53.432655186875515","93.01308824351399","928","0"
"84.2911165319678","85.616712394187","78.2554487499528","52.04912832354613","70.85633698392968","84.19601946883296","80.44184696221362","66.23420003006132","48.386048082146104","929","0"
"61.16855979619818","100.76017896257946","72.85847741054157","90.97274641055469","74.64586531737713","74.17307819897964","92.24889955226801","68.6962301671298","91.6620375418633","930","0"
"82.99898580163249","100.47362691353473","50.47825615287506","78.73551334606562","75.45442278360643","79.06709610892032","93.84348715001455","88.20957459106134","51.06507632698708","931","1"
"81.09368029859614","65.87707130357707","65.80929763016695","95.32605339702981","94.31679958941967","78.93771416260863","71.0000583435526","50.1921042251923","91.34059998833648","932","1"
"88.49569637191391","64.54028340515988","79.62245026845372","63.49388329550541","81.98516511802144","55.60340144282854","74.35068835178566","68.15420858539555","81.2989444889154","933","0"
"57.01710838480834","84.171661374747","44.07771450657913","53.12850118647703","54.717619808260686","56.69506591557901","64.99181865194511","86.2284582155864","50.84514485785316","934","1"
"98.7499709474669","82.38099797422645","69.77042355239972","70.56458763320444","101.07511574841607","67.65804216129594","95.12588866239871","45.42878945980717","62.346381234561804","935","1"
"76.55326104207535","101.38538068400928","51.11678257723675","73.25911849619965","87.63870325555511","60.770124363403696","66.83460757148745","70.30491564144505","48.935601243442264","936","0"
"93.95057249509394","98.14775756219385","45.78206755570635","81.31114577616023","55.293306924939564","54.199372222634025","65.57023842411334","67.88197374078777","74.29796483015063","937","0"
"61.34433738085747","97.4204585347205","50.71883129921052","96.86811583727558","86.2547300283975","72.4314821256235","55.10075077001926","56.247975574299446","57.76222361031573","938","0"
"82.70387158749797","87.70771262048814","67.17012416891593","86.10465304573516","82.09855392442898","86.37439121677234","78.66972790142488","69.34318261952698","89.22928371537715","939","0"
"63.58326508254015","57.64499743875375","46.638827339480756","75.90326338819213","100.56645211111508","63.914595658364405","59.39574034419513","77.68860666716132","80.03980317148601","940","1"
"66.08361688522746","91.53349876320547","41.34640625508814","62.96266092100919","63.265409651594126","62.61309898689122","54.92272965016768","46.62047072450613","78.05896281813379","941","0"
"79.00863796883372","57.60552713297984","47.895525670096916","75.3745643981596","55.462899030776676","67.03902366921099","73.56273774270751","68.90546380725618","74.16642408456575","942","1"
"87.89997580193376","64.67536339304634","42.32190372204897","95.34016312344824","77.19338120296725","87.80238124796408","58.07541077575981","66.16501676354675","59.77589220296984","943","1"
"59.324562072616615","71.03280049045568","88.87073300226858","87.54293182030835","86.39687462032376","84.60774432703411","66.18118114624649","58.31757919396615","50.50562853939692","944","0"
"100.75535561665579","82.68702679808365","84.40053908220305","73.02866179661189","76.91181338392164","77.73842485034668","91.09343986703243","75.84384208248055","63.5138035490519","945","0"
"64.61567075681951","81.1960003916598","53.545209245165225","53.85872467698779","55.214512637019546","59.86773484240635","63.37100757916694","81.02498634337984","79.51217953786124","946","0"
"78.21817928514439","87.72536547400203","76.91346894350191","75.66535260635655","57.642610890581686","50.965888452196964","82.21740840439007","61.082705001830554","72.2901009695382","947","1"
"63.54983123064933","100.71923104308641","74.29095403930644","58.50623273928233","80.77307409872842","70.9244927399984","85.80430824796119","92.44276757010707","79.51895915345692","948","1"
"77.30372082961878","95.33877122126151","78.64958717648364","64.6479923860096","78.7027124097427","80.97633993539138","84.69261502831272","73.1930540437803","94.89359985230787","949","0"
"62.92370546795787","100.80258023403849","44.03718079605896","85.76788065608909","88.74628086176895","48.53580493798723","61.68080853533377","53.66017816780033","81.94564270037567","950","1"
"55.10809487063345","75.60613963115841","88.55610761971958","70.41827366181064","72.8769354277198","45.99059332408201","71.35314802840725","52.69699635274953","59.90025584391231","951","1"
"59.21179001246256","60.98170478224294","71.64327667203146","96.34836801678168","93.393995113666","77.18985984797662","49.143324949280675","77.90433706255352","71.76757742119673","952","1"
"73.83820818631763","59.99971419373255","66.38954074432866","62.13804196486348","75.04488402986999","78.97176953984152","59.435978013265654","58.88961388504715","55.237595862235175","953","1"
"57.45855336112487","87.58620888413628","85.09596112024846","55.25871066443339","77.11394393133935","69.96993511146677","72.34006359077456","51.54391046509753","89.70679463352185","954","0"
"71.09219602934634","61.79549572355693","65.48698616711012","54.97333361345652","54.316889805637494","78.53772945222356","75.64855093890726","80.0977475228429","75.74783300187619","955","1"
"87.45275124821593","69.58941618701708","81.37908493879137","88.05992143013488","65.93523624174614","77.87185311283922","54.98946772990234","48.39661076774355","79.23858217062158","956","0"
"68.24580603638294","57.42740882780293","56.26775021380661","91.4175676306117","81.44650490397962","81.85964598053282","51.70593630051662","58.6108224410706","80.03616439295529","957","1"
"98.83472045418138","71.74022171357456","71.36580983342509","73.58041920708988","80.51045640035652","65.73779085245177","58.69025812440704","89.30534062094112","62.50423998282908","958","1"
"59.287172063283364","92.08500582288215","84.04987047115505","55.82406903294393","82.49566705750308","64.17780243110704","64.034893455984","63.24801055915167","90.96279962272527","959","0"
"58.67329631476669","98.84313156389445","63.35788352752027","85.52040421776724","78.42552444880246","48.136776461626305","63.83432510530592","49.808851078064315","87.76695650092522","960","0"
"83.05554162998895","79.32941636635428","43.17925995009297","52.971946923429655","62.07599466109732","48.97800491664992","51.562206403876395","57.019200360387835","62.78125887387776","961","0"
"80.02153423998696","57.04064548188203","76.09987683922122","69.23769279557763","85.86037732490178","90.85881774560478","66.09839408167174","58.607869768396554","55.14885665861435","962","1"
"84.96523850154449","91.08306101897756","48.376278874433225","59.411079642052236","84.98454038128807","63.88684266661929","88.13692103945783","87.6477095432278","48.525908529097734","963","1"
"74.01834735331424","69.0734299354618","84.89347117517019","77.78642091611432","87.22717212647086","71.26024676762394","94.87497543522831","74.91945270127833","93.25253404254399","964","1"
"71.41081545938367","73.23978682533567","79.42624157885452","69.10212140587251","69.80800832019523","45.29178776857725","69.00699176461667","68.22656252705566","59.52431309037343","965","1"
"55.70395521987152","97.972301102771","52.23939770624466","90.21404624960289","98.02176431915126","80.13435546718077","85.01830740956733","86.52596834692486","48.011360779794416","966","0"
"89.11052081370893","99.23797002059848","86.48163967941268","71.48928311157175","97.61270912485956","46.115850601026494","59.49088466996098","56.39477193389791","79.7727772900058","967","1"
"82.29381196573881","67.41502273826138","46.406433048401325","51.81356155112424","84.41101100343892","71.29345994682632","74.02342350559896","57.53623174757149","80.01972138677623","968","0"
"91.3585883937945","91.82187949833289","80.77528261324424","83.47456937552892","85.64742916254208","72.76702242023354","90.96588429545726","74.3621837157946","51.61717208669257","969","1"
"55.11939231743078","95.46083367694165","64.79309341111728","79.24554744043095","63.69122239310646","68.5828555621039","77.45549078614538","92.21293136650104","76.74754563265755","970","0"
"89.96838225207516","91.30324817138727","54.33611145214873","71.83608568501975","59.027542918949045","77.12349379475312","78.31565684414899","88.30659232024571","75.0994997983722","971","0"
"92.93704851404358","62.62533528439687","44.59271740279205","80.66566164110918","56.81753638866335","52.32782061473978","57.4927291754919","58.047180716399566","67.7571241739398","972","0"
"73.1227280057435","56.391544893943106","76.17248105508416","72.89991558913992","96.07455702918668","52.82844046976564","76.07610288723909","89.33288980728872","72.349799818969","973","1"
"101.47950009362545","69.02677623080027","85.53158209586154","97.85876144685281","61.86837134344429","79.65881626339247","51.8177832563073","84.7561181810271","60.23917176246033","974","0"
"92.95588490244198","55.19030839714998","61.48790595424356","60.41790995429709","85.95430794783047","74.19927449148176","84.21337646335215","54.90550032610574","90.41742199519241","975","1"
"100.06614405671372","89.33226748451038","57.11469419801318","59.88884815888531","56.45666040495598","76.3043923781144","64.01909662498947","55.860663391853514","55.32219800999242","976","1"
"64.04888030391302","101.90053683660403","63.718950822036774","74.66473357577321","99.57681855304588","60.54275873483935","62.72413471483271","79.10257337427639","61.87609432888213","977","0"
"78.45550604092459","73.67008462668147","64.95729715082477","62.28609094137031","85.73718696400097","82.40260005916343","59.27420144005393","67.11980900105227","47.73431462112816","978","1"
"78.3377325463522","60.47803621420874","67.73471980627032","90.67938811403607","70.82352562610274","66.71652372764338","84.89481403223398","51.585510945385394","50.23607464801928","979","0"
"68.73568487248822","87.98944903873478","57.10539532953547","69.73058074047323","77.44382195753049","84.13144324067056","89.43136963211938","68.23911319465394","78.90670881491435","980","0"
"92.86090173410601","77.96740476194171","78.89244466795039","71.11309984207995","89.07212763604468","53.20462197991557","88.51049512715419","55.59953445157387","60.45239457495713","981","1"
"80.91466220144333","96.89347306937839","83.40483548776301","79.70617820768","77.28435870038697","85.64076995668589","50.76724036151601","88.88270034204594","50.90200146643418","982","1"
"58.574547209002915","83.73064682009628","65.09983376170915","66.73458699298908","73.38285993498106","69.20765930439255","79.43051890953087","53.552434886341715","94.22613428725695","983","1"
"77.8917613693993","55.10753907286515","55.77384144035193","76.65698219046887","93.81993709093834","77.32965479928377","74.11051487934834","77.01594009613471","89.07795018729225","984","1"
"72.05302303165789","91.99229961485531","48.229859163936496","86.63539489864152","81.639857943636","76.17074515998563","69.83231571185414","84.25837324742292","87.55604929854144","985","0"
"96.7999650106094","80.45252663159621","68.06010621778302","76.37177494430628","58.547337200579875","81.39363387809443","86.4683760512762","92.76264038659109","68.67262938976576","986","1"
"97.55963616285415","75.73640618750943","66.86525031231085","71.22440067026733","97.03657711094104","70.79899050165325","70.59005196100865","64.08659451837714","51.75344769142936","987","0"
"61.59047476611835","57.91353263956442","78.18745716607198","66.22274529048771","76.11781986222618","63.89133316781738","57.30896563746677","85.92970350543953","90.88720413192175","988","1"
"94.77465568562548","92.93146785833574","59.24181776558392","89.91907865934391","59.88153011150313","57.926525097430414","60.52420496149713","66.58525350427003","78.69431292943038","989","0"
"64.75223680630907","88.6072817521296","72.28624518633588","75.34659405068247","81.97214144682077","58.85896272338985","56.22522126848076","46.34155120933452","73.25366924909385","990","1"
"87.50331686231895","65.40469753858842","68.6633999164614","69.14454212150163","56.06958254666853","84.25070260973618","85.0055866768282","81.90245705588008","63.306101720072675","991","0"
"59.35808767715578","74.44394229481877","46.230080464462134","93.74731687061738","59.921096341617364","61.41730642390165","70.84750355097044","64.13478173783503","53.997731041961416","992","1"
"62.82270096842841","102.01551502164426","69.5145549877879","95.11784197999944","70.704216177928","90.62919985852632","58.01461629004836","66.27602043192418","86.79509920542615","993","0"
"72.87334006713996","80.7075871431004","73.129079144875","99.20463865918458","82.08399799252504","78.58648686426174","68.78918098522037","76.86124621061138","88.47144597127091","994","1"
"55.47844980980126","81.78291961632875","89.1768384186331","83.20775245436135","90.37473075443552","76.42938600632117","52.594380504346745","68.09268436596604","65.40125439164","995","1"
"80.78442798635125","86.33995457035415","60.62223261056623","82.92984463901021","68.97405564587577","52.449025110612155","68.40696578028134","47.49420811001095","87.37789629725255","996","0"
"75.20844113147567","63.29021633027924","58.91736837646266","75.59690046365186","55.2179966403601","70.91137404713741","72.36108942549167","86.16116527806268","47.665659302083654","997","0"
"68.8039274979358","68.13184400411325","43.69404427183588","64.6597213220186","101.74479185377426","75.38205209535228","71.94423478720644","83.88320793002157","50.291663247716265","998","1"
"64.14622723083384","87.56577261987452","79.35875085903331","58.07098163821593","78.65083344545482","52.76775900382202","63.047561037600836","82.37298499653356","49.7028389392874","999","1"
"75.8005809096846","79.97613447374377","58.913355279537356","97.18503242998887","101.28136223482929","61.20508460172782","91.83401771479792","83.74791298905325","60.2997563941198","1000","1"
"59.6805181386038","55.01350384695753","55.283102473340676","70.51037274070737","82.82515188090159","73.5990813138405","74.7776424704263","75.88113107877793","55.027671491286206","1001","0"
"63.58316390853625","59.89694358262633","49.199661765781386","93.68635341572133","75.99385787441503","77.3409626213746","95.91021241653688","60.230130505683924","64.5070085165929","1002","1"
"80.82988055516294","62.75880638975424","75.01824756751829","59.928324806443406","58.324818877227635","54.05851580381939","93.99096836647342","53.181102896370554","90.1342848064848","1003","1"
"66.38225870212499","58.61688398808792","78.86535931079011","92.50528722537649","81.93048810099374","44.087010586482286","86.43449699168372","68.64844825346418","48.34271908485527","1004","1"
"90.39918762199962","54.24448171777246","49.189064305089545","64.83348482482286","100.39193816452037","53.36706785703586","85.20170217736448","59.69653815345625","77.88139522298347","1005","0"
"67.77020442407692","76.30594748908234","59.58236812768757","79.26774049504178","71.83909628501331","73.38880678329988","53.64758488333871","46.370506903700424","65.4533122129031","1006","1"
"97.05283679954853","63.27611892673032","70.43317056205098","74.87060813895214","86.92874681578378","51.669489722260266","67.22121589033594","57.6936952036399","95.55232241115421","1007","0"
"64.59719501849179","62.657032719168804","59.9710552558427","80.6058905486095","101.88588830576299","63.08152470481987","80.41026101815487","59.416540219460366","53.80075686179161","1008","0"
"56.731155646674566","64.82301114015183","84.86209705104476","95.22501847966234","83.70199308616381","85.96278113855067","86.78597985850864","86.11457733969642","58.68118855116269","1009","0"
"75.79564361684392","82.68364989927127","43.419340128058494","64.74521689210347","58.660489951524966","91.46259657910817","81.82008895636189","63.003580579029325","82.59013941924914","1010","0"
"56.31566636185852","78.61761007985349","56.46864428834529","85.67669866938859","84.35834595900806","55.08614224739175","52.27117985897925","54.76648083041118","67.15004459286696","1011","0"
"102.65421733334036","63.162798972369885","71.7110098776442","64.99178252730978","77.1610858900699","55.9292827328037","87.23914605400442","80.55439320118806","95.34293765073261","1012","0"
"93.54127129233326","98.24535321290462","80.10145390941098","96.17557746643692","70.06963429905501","75.60393718865058","56.968039968719715","84.33599578379426","81.11687468432122","1013","0"
"78.49830572045202","76.99151415619014","86.78687759761665","75.14432171297517","98.60294103076114","45.21763082902362","78.9895248395561","81.50607505461254","88.76168325518448","1014","0"
"72.31707255998604","70.71923931971799","55.50567075871611","88.63161884146923","90.30290034192745","83.70269014337592","76.83133755242042","90.54356089708526","86.04964095282871","1015","0"
"102.18742475022215","70.40688205411023","51.88538502568548","70.41897602708092","81.04084606556535","87.94741520002826","89.62427088955327","77.51966478295166","72.18545695024423","1016","1"
"101.9629849757418","99.02430574930406","65.53345139210455","56.50666506782657","101.6837735891165","54.143174034140955","85.82517783790753","76.28619638416514","49.61003119322751","1017","1"
"97.20663911017344","69.58436986958006","83.03519595939605","90.69277899174949","95.74021326708403","44.18215229485626","71.16562516514485","74.06325706569146","59.437051398256294","1018","0"
"81.46837852990694","60.08288214222382","50.15806101740793","93.67442348964063","97.36112426864861","57.86266720446662","57.916833124445425","48.57566231194796","76.20709219754066","1019","1"
"97.66311790028945","87.5561033934857","59.714316471029875","83.4482942160629","58.15473321139491","68.59743410828536","76.0677444458879","69.12725183103335","60.72759067362157","1020","0"
"60.769794034795126","72.59422337775317","67.2031372834749","69.93560574128753","67.1497447550761","74.71321565126645","59.98031869948122","71.71331541177439","68.4512958248594","1021","1"
"74.68551207892249","72.87498091576705","74.68713947378693","90.02942153458739","67.27940411672759","88.01774563032943","71.73194598525126","63.334804495469164","77.15165179273168","1022","1"
"73.72259201892244","65.94419161382105","55.78486967664091","69.25168593021073","89.71996153956579","80.82701853398605","71.81090292493583","58.832997463543265","89.1478023479067","1023","1"
"92.17055038655803","97.32773279125551","84.34785834142681","76.17153867701438","70.12273650176955","60.59739295926779","66.19329078304628","49.3636070627228","72.19366543257338","1024","0"
"75.355973493824","59.92769699406578","83.80463419373034","96.17919707730564","67.78555206162075","64.86896999651987","72.16916647849031","60.20144029385505","90.81121785086752","1025","1"
"100.86185240739053","89.15507686473103","73.45446274757143","84.49445116497712","80.6515464014715","77.03069251460097","63.529164878316166","50.90056503348439","52.829096813217035","1026","1"
"70.61686781522671","93.31946431215478","77.0683916936221","97.33213393691796","87.39023365592448","50.410508975802756","60.27274598040482","61.13248238836581","49.66461716999486","1027","0"
"96.46397544834572","88.39406964104815","41.90382418121395","73.8169536332887","99.20136570208477","81.97483889071269","84.36930671839217","84.9352583363861","89.81749547466113","1028","1"
"97.35623589499407","79.01189035824305","79.89940045410431","61.02108038304542","54.025227138022274","46.31640082346164","70.86776977742149","89.95965788613871","68.24309805088377","1029","0"
"92.9720821488219","71.96400945127931","56.25211396914506","66.44476303841097","58.90607624473612","76.60052304399848","85.96430124921663","76.97288412602464","80.02203747313176","1030","0"
"93.46994239309963","74.2901356982325","64.86995320353773","73.13001985738146","56.122048573222855","77.0476132777543","64.14942804641412","53.87023087323952","93.07599321705835","1031","0"
"82.09906916591105","91.00706916639987","69.286393837964","58.567350167742035","55.59591387822022","62.62443176223918","76.99516116915677","90.36257974027119","67.92554059871182","1032","1"
"66.4279412265337","68.8629447090072","65.39390637743594","54.619907457139156","77.79339726654794","61.09716262341185","50.89956793202419","81.68689725462113","71.9394609504475","1033","0"
"85.80390065546601","73.20701265661668","45.902077512377105","53.59034766185649","96.34165220030498","50.15776623018432","76.63684250982206","91.28236077528658","95.24242688144402","1034","1"
"100.45284061296634","78.60558426855732","72.12515581373971","96.67415891547454","80.74602470894031","90.23399632217404","89.10045668725321","75.9543935492734","59.984936994966645","1035","0"
"82.53901025775194","67.90956906944768","83.57703514100952","56.522616793561696","85.38874533966612","62.01877952404621","89.5461630487856","48.31265496523996","48.09358285218784","1036","0"
"69.98515608542891","82.77836854905101","58.39740162387157","93.61554672649928","58.89402173732726","47.71445370608414","67.11028258493184","81.85155686759988","89.97558992147525","1037","1"
"59.616189281921066","80.90570974920968","67.5917895811677","64.32334294097606","69.48558204880038","58.15660940243514","80.95069587137696","78.49360444377136","91.70727609469357","1038","1"
"97.0994168205162","88.55881230897101","71.54344838644538","79.14202025497295","97.97473166555775","77.84354863427002","92.10916829138169","74.35128869650791","54.963132839766104","1039","1"
"76.11215619115318","64.21309204741605","77.10891897314708","96.00756949006808","82.7749107714391","53.19118547176072","59.075197202774106","68.87502209986029","62.80321876679753","1040","1"
"97.16092607492523","88.51309249223462","87.92842154024113","80.91103652510171","96.02085920139027","48.64496541243477","87.98979097893626","75.19852193226652","62.63442568228831","1041","1"
"69.6091676562687","94.61377043130341","68.22091112489511","79.27891565991976","84.38029941104304","90.12706032392772","76.60400599414437","47.55064127871941","94.90878468158613","1042","0"
"56.04013030098919","87.91768420047602","87.92541639389894","59.87172939171372","100.72517910844317","71.94164316895315","81.49432873664436","50.36278429974464","66.48021912190076","1043","0"
"86.24848249755401","56.558098224726194","65.88875611841526","56.40185405102047","62.637450008357725","64.9746348927933","53.56814034702408","52.55711131864692","50.91346770506102","1044","0"
"92.28850906103837","83.989563155275","58.7297465995038","66.56506194083079","72.5922331139797","57.42358001847222","92.94800441307157","62.52308896879578","80.32610766678253","1045","1"
"63.374665400647274","57.97824591246574","77.91595793681229","61.38825367761703","68.42056742761179","76.48849731308563","59.794741747922046","63.57383828592365","84.7010089528606","1046","0"
"65.03294884052421","55.348426030473846","80.8251510030836","60.675484298707005","97.9307645277415","48.295717900265586","51.38945857207486","78.0554383813784","60.88699217476875","1047","1"
"97.48757480891854","76.07093930814739","69.09258598894486","59.16618598478558","88.72588000087408","44.64468544953305","65.97934722302954","88.44704645343431","72.18511562327501","1048","0"
"86.16157816705964","83.5531458137838","76.09324229272305","61.234544296768775","68.20150891165414","60.27878981130917","83.94822429000077","80.63253099921819","92.51524584680378","1049","0"
"85.04316808295316","69.20393285842323","41.563262191125844","67.64239912836766","68.64314240271705","49.06849047259499","89.69216647749379","57.77818567104859","48.93476720266899","1050","1"
"55.52024651161105","81.72026216269889","48.213796572577735","52.33870710595318","70.68478796102717","70.83791411515715","83.18142168532314","80.8891654918337","68.32231277456314","1051","0"
"65.9574428954791","65.93256201683951","88.17863576767566","64.0094348973273","62.39294973478241","74.87020072520153","73.10603221796102","47.31128674388385","67.63429328222237","1052","0"
"78.75455856406064","58.2796561249216","59.468829763273376","82.14277269153612","57.26176214069887","72.59497918788445","70.69945273576373","82.48629466300982","55.82719009989849","1053","1"
"62.27587208058246","95.97307977060076","85.67831830236612","70.88372098677658","74.83492927882963","71.8993408302755","71.27942273344395","71.30589414551922","70.50165979506743","1054","1"
"97.20530333666848","55.4334673671531","48.109603045467836","91.13124343506183","71.08737425867955","56.95253106126604","61.46602082848806","81.9493490991787","88.08174630980976","1055","1"
"75.60013344060718","85.0183815291119","68.34561071864029","95.02094957163737","84.13977854114893","88.6743788172357","82.3795272347803","47.34625700716325","85.0574247025201","1056","0"
"75.0817132477208","98.8795441542037","87.8869482691152","75.19812429865658","63.5558708185826","54.84386688385072","93.99856743149283","51.99037169067147","90.42155112162558","1057","1"
"85.10857297502419","92.90013012756707","54.62014370329091","59.63661595985278","87.76038086795229","66.53898452605084","74.38364038917597","65.14445870156432","89.19646019662152","1058","0"
"57.405032215123924","67.8754440431431","47.08513715860788","72.4778976401922","58.92949317336984","70.02553198040555","95.31836012065601","52.17528245260621","67.84798600800109","1059","0"
"84.70585757465254","67.74893883427026","56.607907107571805","73.29939891694117","91.23979602281791","53.06464428661303","55.216308802825914","80.91263319868726","48.05450224841104","1060","0"
"76.0246564095697","56.49327088028746","83.56465397206333","80.03344067403556","86.27100401273165","67.822457542816","52.81900549115161","69.88205695622305","52.359308040650305","1061","1"
"77.79507706483444","93.46846704448559","75.70695799553646","86.63616152107102","78.50508297067648","48.10283350608153","54.33999826826","62.04279986821424","66.3726550853991","1062","1"
"71.95583663283055","69.30905636672395","62.67681705392927","62.02800050829803","57.874535803001926","86.36077196696472","54.40709312699705","66.01972830676453","72.74919456596251","1063","1"
"61.271398923757786","60.029947986855184","78.0002101837097","95.19983312017169","81.61242235440541","77.61343197165975","90.70743332511492","47.48131348548449","54.36078864997223","1064","1"
"99.51169872087432","92.01764929338134","75.02628619996477","84.02983064220028","57.58797244685961","84.62362537097502","65.87393645366403","64.67783287985357","93.10131437341106","1065","0"
"74.47505709762609","82.21529278209513","44.89994933111092","64.10823747951443","83.2154264866004","64.54672155582462","88.11332788481322","68.61453951443058","57.32305613329332","1066","1"
"90.89831545590998","62.77289603293526","80.29912377722889","56.155882733366795","62.84170660011494","66.05372766102796","61.58748867302416","80.16797741980498","69.70819623603872","1067","0"
"56.18824987632027","78.38022363508773","69.76638204636366","92.35821482458637","73.63124785460374","84.57316851019993","89.25507762848193","49.052825296222956","64.01056914261856","1068","1"
"79.50406747186996","73.5696168879007","85.05324613034885","64.31806282158962","80.70605006317852","73.18987564985332","82.08686849720705","92.41150451640759","92.1546516203659","1069","1"
"65.37694879028894","90.27210444617782","48.216692075060806","91.0266634552964","58.43971142642645","52.80404275827557","64.32265712510794","51.054395053706344","65.13431403130211","1070","1"
"102.18113008807488","89.3126624499117","88.06591289647552","76.54751159466777","99.61527024335936","48.261013695242276","73.52428606118006","66.19887648633271","54.55142290112837","1071","0"
"73.4972654474898","75.40695925151323","78.23974805541229","65.61853085168237","77.52607675485459","72.35799397751053","65.23698769314377","75.1854047820028","65.0026429205664","1072","0"
"55.31828853276433","71.49457308401539","48.184882987550964","76.9206492558065","71.6926525798045","60.4615534967604","93.66735906580904","87.80718727600231","86.66993542106009","1073","1"
"95.61567221531085","84.71412767753968","53.23630077051186","97.53172685971933","81.26960772040349","78.07051962525128","66.40104408964596","63.404597059024816","65.04071783142781","1074","1"
"89.8343410805645","71.53909961841086","79.54638358886963","69.21578572496024","59.05439254865483","69.50840011400079","54.04238810762383","86.23021977679231","77.72560303623841","1075","0"
"81.91218426414788","88.45601862771045","68.24110145549487","68.90893665259136","95.84764415719272","60.139020916843364","53.79711454940145","85.29791774954667","53.37905422384419","1076","0"
"86.71971961667059","66.57445064571131","54.562808848926935","68.22344742643628","77.70602915646903","64.82802527096074","75.38851963046992","50.56569279736413","49.10796261858809","1077","0"
"74.12197081787623","73.78750747258253","42.93923216164569","56.305530473191716","62.340074408031704","91.7783847294513","92.89720542699497","89.78043915996112","88.90901880389266","1078","1"
"98.8069493246667","96.1399040344191","50.885310642457696","80.83918068146707","55.027799185292764","49.44010846997169","67.87684939812088","75.89136633855382","75.87045345434723","1079","0"
"63.12431935603311","62.9011160328356","41.72610425884612","95.62312541762819","91.24963112976229","68.11452564284373","83.32046845144397","55.83137429701789","83.97578137922667","1080","1"
"65.26978074790283","70.02536892877467","62.675756680684955","74.6431269218494","57.954535177853415","76.15119642793995","81.73808118271351","78.71836733763143","60.94170542190686","1081","0"
"59.97701933343045","56.16803696188664","42.6488950208724","86.15743150054118","60.723967296303535","77.13206685454735","80.55141665606428","90.30783074044946","61.702980638057696","1082","1"
"62.58870400461353","85.98268994444146","43.16390758130909","79.94295812311954","92.73286447512085","61.509187557713005","70.30821901181945","47.66462256332035","66.7949249367392","1083","1"
"73.41519494072739","76.96558213619531","46.733112840261654","82.67290681532067","100.3118045167003","78.15799865923681","52.49771668970284","76.9522933896424","86.69412751237263","1084","0"
"89.03822090883217","76.6896783074337","71.74409708260315","70.30619311254543","59.834615819491255","53.401934251032095","58.51439239450078","78.26170505015942","48.79736300527699","1085","1"
"57.83380342933022","74.77432848625901","61.902550945554225","66.04448602242522","78.53657355340238","77.31783756229659","79.37036404367257","53.36338336596289","60.0216571734845","1086","1"
"56.787764048349615","56.0045043198853","75.69517429968347","73.82595798252225","60.814630347416724","64.02775001538585","61.865255030367734","60.8315432618808","88.32347527247246","1087","1"
"100.83763308270798","98.74908382314341","62.79280496659047","87.11497685067063","89.2915236896959","59.12126493695962","52.62998808801091","49.734496525155954","86.8235716038144","1088","0"
"65.78340769081633","71.41096672549912","70.51997308602334","93.60894759266463","71.84812223561453","62.7382032383468","73.60321582437102","58.51227715554066","80.54219778997907","1089","0"
"90.86471213690761","67.26571151736513","61.954453107993245","67.63729175707242","55.85310393095951","82.80741512377129","66.17599381563438","90.92535245868366","71.05623114857583","1090","0"
"98.88859845055696","101.38833646753733","56.25275730134703","55.84500699552422","74.02453831696137","83.30721391270843","91.28340945398527","88.23812105955832","80.749168251549","1091","1"
"78.7172364077734","57.83682132244705","55.517716945753136","88.30416166377142","74.11828340934653","64.12486071985653","59.32668752527343","83.5605575152098","81.1494402222288","1092","0"
"58.801289593470955","84.75503974165213","67.43943387190204","52.683857190574706","77.26660533931106","79.89699632930166","64.02303442003019","73.7636875254417","47.98588492556999","1093","1"
"91.95449586340435","73.6677740820544","74.0996317118103","88.26514696013744","91.94526233697378","83.84313373735613","55.542266338073965","61.63464752210786","80.5575957101912","1094","0"
"86.51689951963088","66.61812245364891","43.70399507559702","92.65404593423352","74.78839493940983","91.3516109311191","80.09888490571775","56.40176134859266","72.74442784515037","1095","1"
"82.86824246911671","82.57218046883665","84.09231335587255","80.10091211544974","55.09567926347857","59.13934242893599","84.59050190280489","86.92468621616362","86.56840845038867","1096","1"
"85.71207704661184","73.00682480315493","66.7859935253256","52.264844825201294","74.14444049392445","82.47243594772293","80.10288032768652","85.21395201139451","56.23089001950154","1097","0"
"65.39439208283822","57.56328634406537","86.55908459639936","59.9151756944183","72.14775358367898","82.18085784984699","59.824922742990616","68.0658151572729","52.58551125161045","1098","1"
"63.46964555874253","80.52173659608036","49.575019811503495","89.83153915742186","87.23031045783034","88.08920580730864","77.09295540284387","87.5073610320096","49.892020182356475","1099","1"
"90.73151935419621","66.29374285681344","73.26461793756103","55.16049212209723","85.05744152132459","88.66197624701219","93.66883001929837","58.69958927896636","55.290780112768296","1100","0"
"99.73986768946888","63.039097139591675","76.18082237933912","60.488512442585034","72.71022412539364","77.36196895310012","86.92854606073719","46.3890101908346","83.76559286123612","1101","1"
"92.76684947444689","100.33037963260448","49.37038400143264","71.81843916213285","87.99032928407074","57.78353990095253","76.88134073602122","74.59928376268505","64.44928611205258","1102","0"
"77.79293398243628","93.22037202344416","75.22952038847778","55.251894737412044","97.62079501208223","50.105215182139126","57.53816117535525","90.32669286099163","57.35857215436146","1103","0"
"63.269370627552334","93.41603332294356","65.91152142385751","56.46234204891626","85.67840838262053","78.15963641273984","67.05367964371595","92.10991319297558","69.1117348792866","1104","1"
"68.09035160280636","60.87370585780723","87.47722503445782","55.40098034273472","57.8083824308137","72.42208801221867","77.40347309204192","64.28438399203019","62.825814306798236","1105","0"
"63.06390431351504","68.3586715917951","49.85168530249999","61.85765308145156","100.1384558299715","45.22814266878634","85.16564037428682","64.25392656208588","65.26144027522302","1106","1"
"63.621165041105044","88.66296717810842","71.49070235805829","68.28332899662479","88.33738542550498","75.03808705502944","78.78017546668285","70.79544544979824","71.32578586347418","1107","1"
"92.65750405801967","83.4968228037217","45.47322429823798","51.66397822164105","55.16039268241432","47.329609658516034","82.63907924784853","81.01853641267087","69.97601355410016","1108","1"
"77.03680799155133","60.74836025840713","41.57780831136979","51.72922829749247","94.15667734379441","82.2721655321013","60.84362806791516","46.45293348557025","52.22257553926905","1109","0"
"57.783115147284335","66.62234236999107","71.89421645645199","88.58728147690246","99.18522166263257","51.9061031552729","49.21007586579763","84.28991461008198","65.1930493704369","1110","0"
"79.27675097084729","71.81369122060899","83.78031560450967","85.4126957313199","65.00584830954533","46.8415546742408","78.11093493669878","61.80507636504124","95.37891858716894","1111","0"
"74.86868750279085","71.58889976499664","75.35522558766986","90.6534434687913","101.72942592501744","64.42391906147755","70.66516498196246","72.45081875016432","54.010348415980715","1112","1"
"98.91741165726238","77.09034557010261","82.86243358605996","59.2659902596121","66.55395092956037","88.30424485661383","49.401584423714354","63.0547067408714","84.40284361035314","1113","1"
"81.28742821147718","56.30802586774496","48.229989659804374","69.92246630127158","80.49049059077915","48.4736730940906","83.61790136064224","84.10237419413804","71.19104945729701","1114","1"
"63.98530212213154","79.91245474231181","48.59901115564976","93.20470786945549","84.6874591898526","62.39483599088071","49.74507045232201","70.64629909671072","55.367605518787556","1115","1"
"96.82392426902881","96.99260897703212","47.338260533824695","68.88944828971296","99.5156144314679","72.89862755708074","75.5086291706573","80.83408879600401","73.56541072774363","1116","0"
"91.28950567276979","54.44263976193005","64.91471636203055","77.02801110714768","62.354545954621024","57.81702937112024","51.88342527461397","56.92437839798942","76.21892768221659","1117","0"
"75.13324081837051","100.7461335117331","45.22980179049573","89.55863514480976","68.04415181463517","61.43868518107496","87.41804939192863","57.94184421479049","49.48892577766902","1118","1"
"91.26388318817409","62.76231541445824","41.50330576908564","81.4447890315293","82.23135638329049","70.99939271657044","59.63785382121193","56.93365348961351","86.1029047588225","1119","0"
"74.22531505812384","79.07528893374196","81.73966950857736","60.32382259781699","55.981625518847416","62.27812109899379","60.50532170003142","82.47473784684573","87.66667598196099","1120","1"
"81.72054550907548","81.27093427323715","54.2524158864026","57.511657239656564","98.04756900381271","86.56184152377361","69.95730490033206","59.3658130244712","77.1440006135437","1121","0"
"98.06205975220847","75.65840050805537","87.41086267560439","86.70718316021515","90.83877384393858","48.69328659266542","76.07779527883105","61.52193624261468","60.335604650455394","1122","1"
"58.115411568137745","79.89081588001805","72.57724988412939","54.38814327974006","97.66013476776934","59.178688406775024","74.35924521665754","76.17489191576058","88.25631889715542","1123","1"
"97.38997561143766","97.81743004271783","69.20776044462154","95.09238828943984","83.46480957631849","80.06508354065807","53.176679127656726","69.23552881226888","57.48121965093755","1124","1"
"93.9157008240664","83.11184912727481","88.32086297087976","96.10600887207676","92.83774064068393","52.73250887026294","71.2453305059587","71.77280491763746","50.61838818677966","1125","1"
"61.467747586519835","79.87804999924134","78.9048306889426","79.98831511019687","89.14263207305974","86.4291410810829","52.278282571311884","63.28244760664807","91.49547308600575","1126","0"
"92.51414179057525","72.63175268110935","62.71332604312259","87.8454181218572","90.77814349359905","62.45619630799797","87.49459793409055","58.761002471647735","83.73401509537884","1127","0"
"101.88409448122594","64.45548314907835","59.82397507423899","91.53414742218987","63.246596498985085","66.63480770008597","64.94183350603855","52.03830665038904","65.66593068675168","1128","1"
"102.17703480447817","89.10599066393732","52.76699814678156","71.33447412635103","100.18665121354721","77.37790365384448","96.3734109236421","91.33667781686553","62.08944314319757","1129","1"
"72.45079148879536","64.9577873844832","69.79675495492201","99.56860477032359","63.98994166470612","80.41076543497864","87.14612537960166","53.341005957199805","80.3524526605662","1130","0"
"56.50903114683071","82.33411606125856","71.63111936191915","82.40055926013545","89.96383851370632","64.33149610791291","82.89676901498105","47.92746700293839","77.21868650245413","1131","1"
"84.86537003301515","65.65666000764757","80.0433329669017","91.56818750213901","69.87726638506824","81.37224728285106","77.11347455492292","73.16890043245913","62.40109834767864","1132","1"
"77.84772798585058","88.80732955437395","78.79294721811729","95.47301273727564","81.55152729935196","77.99068420175313","55.41348722759437","80.3747897192981","89.71611789748872","1133","0"
"66.83429839308984","57.15610392829619","79.66376264923699","61.896375421543446","65.03999631463077","45.05436361248236","55.42854872225698","85.42030603708355","50.933900523351234","1134","1"
"59.868779652813174","66.75385385129651","58.241055823068734","62.488441962817355","91.25862392232864","57.37605525974926","63.18859585444059","53.40833947139503","85.4903658315733","1135","1"
"90.77107118011747","74.2840670501121","85.07147614950671","68.6095746719794","57.17097515045713","91.61586106985818","57.82859268676405","67.37318029330224","91.66755453783125","1136","0"
"73.04384141748993","65.70177795904468","83.96959460249711","75.04075599448953","68.37500686537157","48.7460376936874","83.10909172205781","62.35249842208197","52.92486881964148","1137","1"
"100.52932321402197","100.09924039360601","79.23127886125235","70.55921938032222","100.0311385347491","63.197274898638426","58.03405317473304","82.30481306052734","66.80504114813972","1138","0"
"64.54803471285811","91.3034056502529","56.138825713293755","69.72786153654356","90.4439336166397","79.79002797807063","61.797862462268725","65.36089826505962","63.20002813028587","1139","1"
"67.50293739652611","77.19738322022313","85.097203054886","86.2035508602105","88.52289432530651","71.55043983466419","63.60967542808011","52.29195191010235","54.285574158597896","1140","1"
"66.78904545489793","92.88814160184424","67.93106424834758","94.10373399114437","82.36925433855154","86.62250281155056","51.340574463195836","58.53535268892333","71.57734228027518","1141","0"
"86.21207212121139","65.83494236046567","68.57040674595898","56.659050911088485","79.11079633120721","66.97559164982276","91.37325225278803","45.68404413983053","90.02238421355136","1142","0"
"80.33664544906894","98.23775219410975","47.38332610302571","99.37375092599227","71.89793349074687","67.94334554457011","91.16524645036894","91.92231840324207","93.66479875005221","1143","1"
"64.11828136811178","71.36830825273425","45.16629409783731","90.99637566838942","90.92527225054556","87.73956556096908","55.797272558041044","92.48683606041055","56.458073154279916","1144","1"
"77.53507858344409","80.5681789331079","74.83433577852988","53.342538023693244","69.68540957013306","82.89037634728169","81.5819704274214","84.32946752477491","83.87162318201007","1145","1"
"83.55187815374298","96.32750753585654","60.38329019925841","54.690148437725924","62.70964015541616","56.99908160578556","62.490123749746346","65.97672850501328","55.263517394651714","1146","1"
"71.32797328155696","72.13896043087956","80.56318982951178","78.73602440777438","80.16412587556694","81.43333229413336","77.80996853314399","86.01106962597429","73.55175555800425","1147","1"
"96.81126775328131","58.58580539273353","83.73924581524346","64.34496367673631","80.75341455602185","79.92470872038278","70.71031497098453","72.23342583525535","47.75130148605086","1148","1"
"68.61039630347881","70.98578973981971","51.683467455182864","65.83855439878889","62.77808932316206","67.22714354363103","64.55913405582098","80.25654114105868","68.50422771960362","1149","1"
"98.4552352857154","76.18722445356514","66.59834727135653","51.81054754572448","69.6030798530723","65.16372795897166","61.66231073778702","92.63704328999073","69.53334291612092","1150","1"
"98.9925218745872","63.47662587111809","58.35669391728463","54.03968314537343","80.86703147346333","69.28402759331989","77.66431910589912","45.72961537577568","57.00907444074998","1151","1"
"94.54461495300035","84.30647020737595","55.15406286279382","96.7656737631412","84.14277415493964","57.678739799474855","75.90272845516","59.27362421531232","59.48251844156768","1152","1"
"85.94528499794244","61.82072368140957","41.29653700937972","53.098543993664954","86.79210031326764","79.50638349333398","79.40234182814835","75.273480985735","56.141057982043996","1153","0"
"56.57765698002062","82.24172574896","59.31004220670903","94.82367775298272","63.369783379034445","73.34873705277509","94.05581359791809","59.566318930519465","88.29614398895386","1154","1"
"88.90389123365138","89.9805779699336","41.471354484251336","79.20353110769815","97.68417937800436","68.00197876816749","77.5622799902776","84.7632372443524","57.93174673352786","1155","0"
"70.08986170722116","97.13355063299883","70.80515246467326","71.2609094784581","91.29501608838453","51.82457846248297","82.49360889107442","51.04251616058694","80.69146536416714","1156","0"
"87.0117870842366","75.80205913869588","48.19630366839304","58.79035981163026","63.961087359266855","64.89361397876819","63.941228148778805","64.26709837230376","58.06991847109379","1157","0"
"73.34955885188758","61.10649384016981","44.54153616843787","69.82431307838272","82.17058637398499","88.55276618662218","77.67060620849973","69.98480659526159","54.31728796240124","1158","1"
"94.07145983658779","62.56123566522949","84.0150611495571","78.54119550563406","69.82640889395472","71.31606118858441","93.24207158622572","86.86810926847117","81.78927892777246","1159","1"
"94.27598046399137","58.8604560178868","62.884985310775775","75.82662614211242","91.02450609633554","73.86446331804565","87.69470726624958","52.357787852630516","71.48471030891606","1160","0"
"87.39957627662154","65.84325772083488","59.454416068670454","67.00794747687402","65.99552094632908","55.31486418295371","64.96656734041903","87.50935385360417","66.65101857523085","1161","1"
"70.48271826722984","66.01727496346967","89.1496138790474","95.3944541345867","64.65615045685284","48.47792804520116","62.994225260882835","91.08828934817556","57.080743395424264","1162","0"
"61.98757788441817","62.51377406082953","84.94031663695083","78.51468774633408","99.92929177167825","49.20696695117452","66.64234716489364","75.66876593450893","48.62465002726218","1163","1"
"71.72474431030193","83.4337974315526","44.818410001271474","83.77786022764954","77.19985143860157","76.9655734014248","78.41949508746823","77.69014598306664","92.82703823876406","1164","0"
"82.18091021504979","62.56600191733541","82.83543779053325","69.47133862957703","89.23945694817814","55.08872846581327","87.437785543241","83.10747560507308","83.41966516042258","1165","0"
"89.01185208854211","86.0643950328182","87.07671051842952","65.48896296985218","80.74175426674876","59.356772200908196","51.58632396769046","63.3932967345662","93.84292186822442","1166","0"
"57.651727015417706","69.13171127341465","78.97422643634117","84.95499779802968","79.97197499637642","48.050346585884725","93.35824044121033","66.0292534076721","69.76816071782723","1167","0"
"72.67891661673984","63.90007620929377","41.40902794769805","58.54443647478552","69.50655935573563","91.8461428664272","87.65738800875461","55.190295375226974","49.561865393650635","1168","1"
"90.87931372564096","67.90094718404154","78.97347008468348","79.57864354570185","67.61420413641132","51.007660409599225","57.63695144293824","56.03101376548165","62.70731240015178","1169","0"
"88.2678299941659","61.65176129864773","57.94809953065163","52.373829831949934","88.8388613320098","80.28581051674006","58.098116295233595","58.65689928209386","51.672954260508085","1170","1"
"57.977529041309865","102.08143388860934","76.7286247767974","77.62958687059978","101.17687076167654","69.56161727125162","85.47167770102959","83.18606325231664","88.35645057924788","1171","0"
"87.62853947750578","91.86500976680323","79.17063185379227","63.615614517614965","66.07805241198865","90.76214971407644","58.17849151300766","72.81691553464317","65.31309920109648","1172","1"
"81.45108671823826","89.38862442724168","42.00866308237717","83.42452555248849","62.17594687872884","61.58134253619532","70.46023503816573","69.8390538178234","95.1988172789779","1173","0"
"68.13028365166814","61.91967041875698","79.86226500675167","55.61826048496641","86.97799060116316","44.04493711749821","75.22334806432808","46.171296246261946","94.65328197565756","1174","1"
"59.28077066886634","71.09513681616399","64.8015770093652","99.24848300954467","69.59269746309279","61.99316629082891","52.45961868350039","48.72693216036525","50.58546599718181","1175","1"
"80.2775034532081","66.95540960381264","81.76806228609865","97.17046435685324","55.61011328102494","85.57005628832177","84.2510603437624","58.58448483899463","49.131835729676894","1176","1"
"59.293289758044494","88.7079265809301","78.88081943110626","77.75803189945354","100.08014839902106","85.42336490785063","72.06398096260392","54.84962399081656","54.119175283992156","1177","1"
"92.33775182410649","70.72905846900485","81.6374722142118","91.387948144684","83.19434038952369","75.23759662417125","59.95576362865035","52.29598475746606","73.96481307776347","1178","1"
"73.32992313117758","88.08956881571477","69.63878009102085","58.455152617981675","99.75102751042621","58.14627408701743","95.73536658971739","75.89884235280805","73.10051133526993","1179","0"
"101.98411368421394","76.58253522007251","69.36714811227118","58.73136108825615","81.70880534014394","74.56959865303087","89.74285206994385","55.37494262562243","69.90684914302365","1180","1"
"100.12447489612751","60.63967401568495","69.60550272053588","76.20849086644509","98.10695723952722","75.65942398990897","76.30343660934425","65.77985723056146","88.97328493802934","1181","0"
"59.93899246152499","94.72173913508493","83.65083481331088","90.52250426950263","59.60508091452954","65.78182195446216","88.75446986606066","49.63467277818011","88.91182981621036","1182","0"
"90.51814627374135","69.6787577858856","50.07751781292673","71.02374769927334","68.66950305635042","54.87724772796241","68.83948838828393","69.87971987072125","84.92533633335732","1183","1"
"87.68059545589355","95.90262909570524","71.83253046694132","67.1932043392921","92.96964878815963","80.93418183908817","94.35803353668916","57.44221938966778","71.47743501493592","1184","1"
"96.00248218104828","78.26608327098366","71.635794443271","66.39693546544324","74.5509111313061","73.43150891664968","86.20194494851405","88.88981608116516","94.02370774136337","1185","0"
"82.77951611105168","62.54283677013348","67.61700652383846","78.49929346964356","73.60210764545883","50.596735448719635","81.91080245055285","63.45759630485663","48.67954980573053","1186","0"
"94.45046677441557","93.75220482901504","43.28424755218843","98.59104499457081","98.43819835911378","73.9838111374029","75.27990080289699","47.66650958705904","77.8280881269323","1187","1"
"58.01195046610647","78.00601160068004","80.69730038688121","67.23529152063722","76.42815153618184","71.17877888962425","67.446007601642","57.367090347951226","69.7404418237224","1188","0"
"92.89034537215467","66.43916155964095","54.348468538195064","60.11757552813009","57.58361493198266","88.41932192940648","82.78831090104661","87.67629326179765","77.30936150399661","1189","0"
"82.19507624668363","79.63884442830046","86.03348412630974","97.47360776814747","97.277292515521","91.61255788075151","92.83488680056281","85.43693578128389","66.70460306497667","1190","0"
"68.51869099677985","81.15388270516262","68.59871800390029","95.51878871000868","84.40023919605488","81.75411588838689","59.87580312567847","56.15212034872224","88.88268206168532","1191","1"
"84.70030680050222","80.95407107018417","52.672922455306505","66.09819664525229","85.30227701786814","61.09291305423292","69.17675722117932","85.85718559128007","77.12284218793114","1192","1"
"71.73757687406167","96.6720374935378","43.50909538232533","86.21389701273505","59.93521991332397","87.35219306315277","70.56701785633658","49.910592028297124","94.93197893382346","1193","1"
"73.91302069690774","67.19058534516532","44.30666613974765","77.73266853599046","75.2077103397217","58.85608098467442","94.79039684274977","78.42733140054418","85.14526858081346","1194","0"
"96.7215139816012","59.02975948934687","72.36047170750233","53.395138528711804","76.06664478084556","52.208002443025286","66.76306784888077","78.28300933200212","95.19798695182773","1195","0"
"58.89417317053696","75.18606274417637","65.89022934907862","96.30686907091234","73.67668104799358","67.77420354487509","96.67486573172131","74.77376717309126","79.93039209840104","1196","1"
"64.93955393170694","70.42639704144966","72.02819154715627","76.88413341535193","82.95801450604833","48.83901687751187","57.19407359626176","92.20309299916258","77.72572504277365","1197","0"
"70.92652340827894","90.00971800389844","63.366990142503525","75.15526004602336","84.40252571970214","44.32427680824649","79.25675684316748","81.15411410257121","64.28187014717138","1198","0"
"67.03708269080285","55.147600240847844","44.87682176088089","69.2426896230448","88.05597522009424","82.37341730165969","70.13696755529912","71.56651731404716","65.08437958279258","1199","0"
"74.94710335437959","55.44857703793092","61.51287283360752","97.87806594282529","97.4734472446714","86.03782114524016","96.10498734780175","68.63670692702152","80.92720547155491","1200","1"
"69.40349017605082","94.53300447782456","46.213365649882874","85.25753465269077","92.68318803638681","58.07566742176557","95.69339949645321","60.34308329832407","56.3658908304883","1201","0"
"72.22114377906651","69.32242175248695","81.53535147966005","66.24993504541933","91.82782564100134","81.19493933467997","59.87474062970421","82.39309232359749","64.01435730250422","1202","1"
"61.20464352175796","78.46864933350898","52.7417309936107","60.835916985820184","57.50885540654223","63.208282398624206","59.97527374792297","45.32310860423387","56.367586893705074","1203","0"
"92.25499871179139","72.53141163997512","82.94693196861833","89.64992050234477","63.60752024485301","65.90277865188925","53.1604528485152","52.62063953636044","57.48223839862716","1204","1"
"74.42275539580665","73.70869105812916","43.60577440949612","79.85546500377828","73.19339845852873","81.01840289635663","91.68628519246217","76.40296812822235","55.69350018161306","1205","0"
"96.5774217826742","102.06874049572043","63.16774009169852","99.29533416560818","99.08464698050886","89.3292876519275","59.799930451526315","56.31562515404595","68.17702579041105","1206","0"
"92.90986871194222","72.83910378039296","77.89547696703029","71.95395792220387","72.76550207962066","70.65049052369118","83.89725639686343","74.04599843056877","72.2923896879335","1207","1"
"89.20169932575779","68.46869272144775","77.88372339920554","75.38176026994229","98.59039372228762","89.05693661357726","61.697170412148935","83.95262892360167","53.90928918380028","1208","1"
